<?xml version="1.0"?>
<!DOCTYPE pathway SYSTEM "http://www.kegg.jp/kegg/xml/KGML_v0.7.2_.dtd">
<!-- Creation date: Sep 5, 2017 10:02:14 +0900 (GMT+9) -->
<pathway name="path:hsa00790" org="hsa" number="00790"
         title="Folate biosynthesis"
         image="http://www.kegg.jp/kegg/pathway/hsa/hsa00790.png"
         link="http://www.kegg.jp/kegg-bin/show_pathway?hsa00790">
    <entry id="8" name="cpd:C11355" type="compound"
        link="http://www.kegg.jp/dbget-bin/www_bget?C11355">
        <graphics name="C11355" fgcolor="#000000" bgcolor="#FFFFFF"
             type="circle" x="371" y="555" width="8" height="8"/>
    </entry>
    <entry id="9" name="cpd:C00251" type="compound"
        link="http://www.kegg.jp/dbget-bin/www_bget?C00251">
        <graphics name="C00251" fgcolor="#000000" bgcolor="#FFFFFF"
             type="circle" x="371" y="619" width="8" height="8"/>
    </entry>
    <entry id="10" name="path:hsa00790" type="map"
        link="http://www.kegg.jp/dbget-bin/www_bget?hsa00790">
        <graphics name="TITLE:Folate biosynthesis" fgcolor="#000000" bgcolor="#FFFFFF"
             type="roundrectangle" x="133" y="58" width="185" height="25"/>
    </entry>
    <entry id="11" name="path:hsa00670" type="map"
        link="http://www.kegg.jp/dbget-bin/www_bget?hsa00670">
        <graphics name="One carbon pool by folate" fgcolor="#000000" bgcolor="#FFFFFF"
             type="roundrectangle" x="701" y="648" width="98" height="34"/>
    </entry>
    <entry id="12" name="path:hsa00230" type="map"
        link="http://www.kegg.jp/dbget-bin/www_bget?hsa00230">
        <graphics name="Purine metabolism" fgcolor="#000000" bgcolor="#FFFFFF"
             type="roundrectangle" x="98" y="282" width="75" height="34"/>
    </entry>
    <entry id="13" name="cpd:C00044" type="compound"
        link="http://www.kegg.jp/dbget-bin/www_bget?C00044">
        <graphics name="C00044" fgcolor="#000000" bgcolor="#FFFFFF"
             type="circle" x="188" y="278" width="8" height="8"/>
    </entry>
    <entry id="14" name="cpd:C04895" type="compound"
        link="http://www.kegg.jp/dbget-bin/www_bget?C04895">
        <graphics name="C04895" fgcolor="#000000" bgcolor="#FFFFFF"
             type="circle" x="547" y="142" width="8" height="8"/>
    </entry>
    <entry id="15" name="cpd:C03684" type="compound"
        link="http://www.kegg.jp/dbget-bin/www_bget?C03684">
        <graphics name="C03684" fgcolor="#000000" bgcolor="#FFFFFF"
             type="circle" x="1125" y="208" width="8" height="8"/>
    </entry>
    <entry id="16" name="cpd:C04244" type="compound"
        link="http://www.kegg.jp/dbget-bin/www_bget?C04244">
        <graphics name="C04244" fgcolor="#000000" bgcolor="#FFFFFF"
             type="circle" x="1063" y="277" width="8" height="8"/>
    </entry>
    <entry id="17" name="cpd:C00272" type="compound"
        link="http://www.kegg.jp/dbget-bin/www_bget?C00272">
        <graphics name="C00272" fgcolor="#000000" bgcolor="#FFFFFF"
             type="circle" x="1125" y="345" width="8" height="8"/>
    </entry>
    <entry id="18" name="cpd:C00268" type="compound"
        link="http://www.kegg.jp/dbget-bin/www_bget?C00268">
        <graphics name="C00268" fgcolor="#000000" bgcolor="#FFFFFF"
             type="circle" x="1125" y="431" width="8" height="8"/>
    </entry>
    <entry id="19" name="cpd:C04874" type="compound"
        link="http://www.kegg.jp/dbget-bin/www_bget?C04874">
        <graphics name="C04874" fgcolor="#000000" bgcolor="#FFFFFF"
             type="circle" x="547" y="278" width="8" height="8"/>
    </entry>
    <entry id="20" name="cpd:C00266" type="compound"
        link="http://www.kegg.jp/dbget-bin/www_bget?C00266">
        <graphics name="C00266" fgcolor="#000000" bgcolor="#FFFFFF"
             type="circle" x="610" y="337" width="8" height="8"/>
    </entry>
    <entry id="21" name="cpd:C01300" type="compound"
        link="http://www.kegg.jp/dbget-bin/www_bget?C01300">
        <graphics name="C01300" fgcolor="#000000" bgcolor="#FFFFFF"
             type="circle" x="547" y="361" width="8" height="8"/>
    </entry>
    <entry id="22" name="cpd:C04807" type="compound"
        link="http://www.kegg.jp/dbget-bin/www_bget?C04807">
        <graphics name="C04807" fgcolor="#000000" bgcolor="#FFFFFF"
             type="circle" x="547" y="465" width="8" height="8"/>
    </entry>
    <entry id="23" name="cpd:C00921" type="compound"
        link="http://www.kegg.jp/dbget-bin/www_bget?C00921">
        <graphics name="C00921" fgcolor="#000000" bgcolor="#FFFFFF"
             type="circle" x="547" y="567" width="8" height="8"/>
    </entry>
    <entry id="24" name="cpd:C00568" type="compound"
        link="http://www.kegg.jp/dbget-bin/www_bget?C00568">
        <graphics name="C00568" fgcolor="#000000" bgcolor="#FFFFFF"
             type="circle" x="371" y="491" width="8" height="8"/>
    </entry>
    <entry id="25" name="cpd:C00415" type="compound"
        link="http://www.kegg.jp/dbget-bin/www_bget?C00415">
        <graphics name="C00415" fgcolor="#000000" bgcolor="#FFFFFF"
             type="circle" x="547" y="648" width="8" height="8"/>
    </entry>
    <entry id="26" name="cpd:C00504" type="compound"
        link="http://www.kegg.jp/dbget-bin/www_bget?C00504">
        <graphics name="C00504" fgcolor="#000000" bgcolor="#FFFFFF"
             type="circle" x="455" y="648" width="8" height="8"/>
    </entry>
    <entry id="27" name="cpd:C00101" type="compound"
        link="http://www.kegg.jp/dbget-bin/www_bget?C00101">
        <graphics name="C00101" fgcolor="#000000" bgcolor="#FFFFFF"
             type="circle" x="547" y="735" width="8" height="8"/>
    </entry>
    <entry id="28" name="cpd:C09332" type="compound"
        link="http://www.kegg.jp/dbget-bin/www_bget?C09332">
        <graphics name="C09332" fgcolor="#000000" bgcolor="#FFFFFF"
             type="circle" x="547" y="821" width="8" height="8"/>
    </entry>
    <entry id="29" name="cpd:C03541" type="compound"
        link="http://www.kegg.jp/dbget-bin/www_bget?C03541">
        <graphics name="C03541" fgcolor="#000000" bgcolor="#FFFFFF"
             type="circle" x="547" y="908" width="8" height="8"/>
    </entry>
    <entry id="30" name="cpd:C05927" type="compound"
        link="http://www.kegg.jp/dbget-bin/www_bget?C05927">
        <graphics name="C05927" fgcolor="#000000" bgcolor="#FFFFFF"
             type="circle" x="893" y="648" width="8" height="8"/>
    </entry>
    <entry id="31" name="cpd:C05926" type="compound"
        link="http://www.kegg.jp/dbget-bin/www_bget?C05926">
        <graphics name="C05926" fgcolor="#000000" bgcolor="#FFFFFF"
             type="circle" x="720" y="304" width="8" height="8"/>
    </entry>
    <entry id="32" name="cpd:C05925" type="compound"
        link="http://www.kegg.jp/dbget-bin/www_bget?C05925">
        <graphics name="C05925" fgcolor="#000000" bgcolor="#FFFFFF"
             type="circle" x="411" y="219" width="8" height="8"/>
    </entry>
    <entry id="33" name="cpd:C05924" type="compound"
        link="http://www.kegg.jp/dbget-bin/www_bget?C05924">
        <graphics name="C05924" fgcolor="#000000" bgcolor="#FFFFFF"
             type="circle" x="188" y="484" width="8" height="8"/>
    </entry>
    <entry id="34" name="cpd:C05923" type="compound"
        link="http://www.kegg.jp/dbget-bin/www_bget?C05923">
        <graphics name="C05923" fgcolor="#000000" bgcolor="#FFFFFF"
             type="circle" x="156" y="142" width="8" height="8"/>
    </entry>
    <entry id="35" name="cpd:C05922" type="compound"
        link="http://www.kegg.jp/dbget-bin/www_bget?C05922">
        <graphics name="C05922" fgcolor="#000000" bgcolor="#FFFFFF"
             type="circle" x="156" y="212" width="8" height="8"/>
    </entry>
    <entry id="36" name="cpd:C01217" type="compound"
        link="http://www.kegg.jp/dbget-bin/www_bget?C01217">
        <graphics name="C01217" fgcolor="#000000" bgcolor="#FFFFFF"
             type="circle" x="893" y="735" width="8" height="8"/>
    </entry>
    <entry id="37" name="cpd:C06148" type="compound"
        link="http://www.kegg.jp/dbget-bin/www_bget?C06148">
        <graphics name="C06148" fgcolor="#000000" bgcolor="#FFFFFF"
             type="circle" x="321" y="142" width="8" height="8"/>
    </entry>
    <entry id="65" name="ko:K13950 ko:K01664 ko:K01665 ko:K03342" type="ortholog" reaction="rn:R01716"
        link="http://www.kegg.jp/dbget-bin/www_bget?K13950+K01664+K01665+K03342">
        <graphics name="K13950..." fgcolor="#000000" bgcolor="#FFFFFF"
             type="rectangle" x="371" y="591" width="46" height="17"/>
    </entry>
    <entry id="66" name="ko:K02619 ko:K18482 ko:K03342" type="ortholog" reaction="rn:R05553"
        link="http://www.kegg.jp/dbget-bin/www_bget?K02619+K18482+K03342">
        <graphics name="K02619..." fgcolor="#000000" bgcolor="#FFFFFF"
             type="rectangle" x="371" y="527" width="46" height="17"/>
    </entry>
    <entry id="67" name="hsa:2356" type="gene" reaction="rn:R04241"
        link="http://www.kegg.jp/dbget-bin/www_bget?hsa:2356">
        <graphics name="FPGS" fgcolor="#000000" bgcolor="#BFFFBF"
             type="rectangle" x="547" y="867" width="46" height="17"/>
    </entry>
    <entry id="68" name="hsa:2356" type="gene" reaction="rn:R00942"
        link="http://www.kegg.jp/dbget-bin/www_bget?hsa:2356">
        <graphics name="FPGS" fgcolor="#000000" bgcolor="#BFFFBF"
             type="rectangle" x="547" y="781" width="46" height="17"/>
    </entry>
    <entry id="69" name="hsa:1719 hsa:200895" type="gene" reaction="rn:R00936 rn:R00939"
        link="http://www.kegg.jp/dbget-bin/www_bget?hsa:1719+hsa:200895">
        <graphics name="DHFR, DHFRP1, DYR..." fgcolor="#000000" bgcolor="#BFFFBF"
             type="rectangle" x="547" y="694" width="46" height="17"/>
    </entry>
    <entry id="70" name="hsa:1719 hsa:200895" type="gene" reaction="rn:R02235 rn:R02236"
        link="http://www.kegg.jp/dbget-bin/www_bget?hsa:1719+hsa:200895">
        <graphics name="DHFR, DHFRP1, DYR..." fgcolor="#000000" bgcolor="#BFFFBF"
             type="rectangle" x="501" y="649" width="46" height="17"/>
    </entry>
    <entry id="71" name="ko:K11754 ko:K20457 ko:K22099" type="ortholog" reaction="rn:R02237"
        link="http://www.kegg.jp/dbget-bin/www_bget?K11754+K20457+K22099">
        <graphics name="K11754..." fgcolor="#000000" bgcolor="#FFFFFF"
             type="rectangle" x="572" y="609" width="46" height="17"/>
    </entry>
    <entry id="72" name="ko:K13939 ko:K00796 ko:K13941 ko:K18974 ko:K18824 ko:K18825" type="ortholog" reaction="rn:R03067"
        link="http://www.kegg.jp/dbget-bin/www_bget?K13939+K00796+K13941+K18974+K18824+K18825">
        <graphics name="K13939..." fgcolor="#000000" bgcolor="#FFFFFF"
             type="rectangle" x="548" y="527" width="46" height="17"/>
    </entry>
    <entry id="73" name="ko:K13939 ko:K00796 ko:K13941 ko:K18974 ko:K18824 ko:K18825" type="ortholog" reaction="rn:R03066"
        link="http://www.kegg.jp/dbget-bin/www_bget?K13939+K00796+K13941+K18974+K18824+K18825">
        <graphics name="K13939..." fgcolor="#000000" bgcolor="#FFFFFF"
             type="rectangle" x="500" y="527" width="46" height="17"/>
    </entry>
    <entry id="74" name="ko:K13939 ko:K13940 ko:K00950 ko:K13941 ko:K07142" type="ortholog" reaction="rn:R03503"
        link="http://www.kegg.jp/dbget-bin/www_bget?K13939+K13940+K00950+K13941+K07142">
        <graphics name="K13939..." fgcolor="#000000" bgcolor="#FFFFFF"
             type="rectangle" x="548" y="419" width="46" height="17"/>
    </entry>
    <entry id="75" name="ko:K13939 ko:K13940 ko:K01633 ko:K09739" type="ortholog" reaction="rn:R03504"
        link="http://www.kegg.jp/dbget-bin/www_bget?K13939+K13940+K01633+K09739">
        <graphics name="K13939..." fgcolor="#000000" bgcolor="#FFFFFF"
             type="rectangle" x="547" y="322" width="46" height="17"/>
    </entry>
    <entry id="77" name="ko:K08310 ko:K19965" type="ortholog" reaction="rn:R04638"
        link="http://www.kegg.jp/dbget-bin/www_bget?K08310+K19965">
        <graphics name="K08310..." fgcolor="#000000" bgcolor="#FFFFFF"
             type="rectangle" x="412" y="181" width="46" height="17"/>
    </entry>
    <entry id="78" name="hsa:5860" type="gene" reaction="rn:R01793 rn:R01794"
        link="http://www.kegg.jp/dbget-bin/www_bget?hsa:5860">
        <graphics name="QDPR, DHPR, PKU2, SDR33C1" fgcolor="#000000" bgcolor="#BFFFBF"
             type="rectangle" x="1126" y="391" width="46" height="17"/>
    </entry>
    <entry id="79" name="hsa:2643" type="gene" reaction="rn:R04639"
        link="http://www.kegg.jp/dbget-bin/www_bget?hsa:2643">
        <graphics name="GCH1, DYT14, DYT5, DYT5a, GCH, GTP-CH-1, GTPCH1, HPABH4B" fgcolor="#000000" bgcolor="#BFFFBF"
             type="rectangle" x="376" y="143" width="46" height="17"/>
    </entry>
    <entry id="80" name="hsa:2643" type="gene" reaction="rn:R05048"
        link="http://www.kegg.jp/dbget-bin/www_bget?hsa:2643">
        <graphics name="GCH1, DYT14, DYT5, DYT5a, GCH, GTP-CH-1, GTPCH1, HPABH4B" fgcolor="#000000" bgcolor="#BFFFBF"
             type="rectangle" x="231" y="143" width="46" height="17"/>
    </entry>
    <entry id="81" name="hsa:2643" type="gene" reaction="rn:R05046"
        link="http://www.kegg.jp/dbget-bin/www_bget?hsa:2643">
        <graphics name="GCH1, DYT14, DYT5, DYT5a, GCH, GTP-CH-1, GTPCH1, HPABH4B" fgcolor="#000000" bgcolor="#BFFFBF"
             type="rectangle" x="156" y="181" width="46" height="17"/>
    </entry>
    <entry id="82" name="hsa:1719 hsa:200895" type="gene" reaction="rn:R00937 rn:R00940"
        link="http://www.kegg.jp/dbget-bin/www_bget?hsa:1719+hsa:200895">
        <graphics name="DHFR, DHFRP1, DYR..." fgcolor="#000000" bgcolor="#BFFFBF"
             type="rectangle" x="501" y="736" width="46" height="17"/>
    </entry>
    <entry id="83" name="hsa:2356" type="gene" reaction="rn:R02237"
        link="http://www.kegg.jp/dbget-bin/www_bget?hsa:2356">
        <graphics name="FPGS" fgcolor="#000000" bgcolor="#BFFFBF"
             type="rectangle" x="522" y="609" width="46" height="17"/>
    </entry>
    <entry id="84" name="hsa:8836" type="gene" reaction="rn:R04242"
        link="http://www.kegg.jp/dbget-bin/www_bget?hsa:8836">
        <graphics name="GGH, GH" fgcolor="#000000" bgcolor="#BFFFBF"
             type="rectangle" x="605" y="817" width="46" height="17"/>
    </entry>
    <entry id="85" name="hsa:248 hsa:249 hsa:250 hsa:251" type="gene" reaction="rn:R04620"
        link="http://www.kegg.jp/dbget-bin/www_bget?hsa:248+hsa:249+hsa:250+hsa:251">
        <graphics name="ALPI, IAP..." fgcolor="#000000" bgcolor="#BFFFBF"
             type="rectangle" x="548" y="189" width="46" height="17"/>
    </entry>
    <entry id="86" name="hsa:5805" type="gene" reaction="rn:R04286"
        link="http://www.kegg.jp/dbget-bin/www_bget?hsa:5805">
        <graphics name="PTS, PTPS" fgcolor="#000000" bgcolor="#BFFFBF"
             type="rectangle" x="1126" y="167" width="46" height="17"/>
    </entry>
    <entry id="89" name="path:map00680" type="map"
        link="http://www.kegg.jp/dbget-bin/www_bget?map00680">
        <graphics name="Methane metabolism" fgcolor="#000000" bgcolor="#FFFFFF"
             type="roundrectangle" x="804" y="736" width="76" height="34"/>
    </entry>
    <entry id="91" name="cpd:C18239" type="compound"
        link="http://www.kegg.jp/dbget-bin/www_bget?C18239">
        <graphics name="C18239" fgcolor="#000000" bgcolor="#FFFFFF"
             type="circle" x="188" y="416" width="8" height="8"/>
    </entry>
    <entry id="93" name="hsa:4337" type="gene" reaction="rn:R09394"
        link="http://www.kegg.jp/dbget-bin/www_bget?hsa:4337">
        <graphics name="MOCS1, MIG11, MOCOD, MOCODA" fgcolor="#000000" bgcolor="#BFFFBF"
             type="rectangle" x="188" y="309" width="46" height="17"/>
    </entry>
    <entry id="94" name="hsa:4338" type="gene" reaction="rn:R09395"
        link="http://www.kegg.jp/dbget-bin/www_bget?hsa:4338">
        <graphics name="MOCS2, MCBPE, MOCO1, MOCODB, MPTS" fgcolor="#000000" bgcolor="#BFFFBF"
             type="rectangle" x="188" y="447" width="46" height="17"/>
    </entry>
    <entry id="96" name="hsa:5805" type="gene" reaction="rn:R09959"
        link="http://www.kegg.jp/dbget-bin/www_bget?hsa:5805">
        <graphics name="PTS, PTPS" fgcolor="#000000" bgcolor="#BFFFBF"
             type="rectangle" x="604" y="80" width="46" height="17"/>
    </entry>
    <entry id="97" name="cpd:C20239" type="compound"
        link="http://www.kegg.jp/dbget-bin/www_bget?C20239">
        <graphics name="C20239" fgcolor="#000000" bgcolor="#FFFFFF"
             type="circle" x="660" y="79" width="8" height="8"/>
    </entry>
    <entry id="99" name="cpd:C20248" type="compound"
        link="http://www.kegg.jp/dbget-bin/www_bget?C20248">
        <graphics name="C20248" fgcolor="#000000" bgcolor="#FFFFFF"
             type="circle" x="753" y="79" width="8" height="8"/>
    </entry>
    <entry id="100" name="cpd:C15996" type="compound"
        link="http://www.kegg.jp/dbget-bin/www_bget?C15996">
        <graphics name="C15996" fgcolor="#000000" bgcolor="#FFFFFF"
             type="circle" x="846" y="79" width="8" height="8"/>
    </entry>
    <entry id="101" name="cpd:C16675" type="compound"
        link="http://www.kegg.jp/dbget-bin/www_bget?C16675">
        <graphics name="C16675" fgcolor="#000000" bgcolor="#FFFFFF"
             type="circle" x="938" y="79" width="8" height="8"/>
    </entry>
    <entry id="102" name="ko:K10026" type="ortholog" reaction="rn:R10002"
        link="http://www.kegg.jp/dbget-bin/www_bget?K10026">
        <graphics name="K10026" fgcolor="#000000" bgcolor="#FFFFFF"
             type="rectangle" x="700" y="80" width="46" height="17"/>
    </entry>
    <entry id="103" name="ko:K06920" type="ortholog" reaction="rn:R09978"
        link="http://www.kegg.jp/dbget-bin/www_bget?K06920">
        <graphics name="K06920" fgcolor="#000000" bgcolor="#FFFFFF"
             type="rectangle" x="794" y="80" width="46" height="17"/>
    </entry>
    <entry id="104" name="ko:K06879 ko:K09457" type="ortholog" reaction="rn:R07605"
        link="http://www.kegg.jp/dbget-bin/www_bget?K06879+K09457">
        <graphics name="K06879..." fgcolor="#000000" bgcolor="#FFFFFF"
             type="rectangle" x="888" y="80" width="46" height="17"/>
    </entry>
    <entry id="105" name="ko:K17364" type="ortholog" reaction="rn:R03388"
        link="http://www.kegg.jp/dbget-bin/www_bget?K17364">
        <graphics name="K17364" fgcolor="#000000" bgcolor="#FFFFFF"
             type="rectangle" x="868" y="694" width="46" height="17"/>
    </entry>
    <entry id="107" name="cpd:C18802" type="compound"
        link="http://www.kegg.jp/dbget-bin/www_bget?C18802">
        <graphics name="C18802" fgcolor="#000000" bgcolor="#FFFFFF"
             type="circle" x="893" y="821" width="8" height="8"/>
    </entry>
    <entry id="108" name="ko:K15740" type="ortholog" reaction="rn:R09594"
        link="http://www.kegg.jp/dbget-bin/www_bget?K15740">
        <graphics name="K15740" fgcolor="#000000" bgcolor="#FFFFFF"
             type="rectangle" x="894" y="781" width="46" height="17"/>
    </entry>
    <entry id="110" name="cpd:C02587" type="compound"
        link="http://www.kegg.jp/dbget-bin/www_bget?C02587">
        <graphics name="C02587" fgcolor="#000000" bgcolor="#FFFFFF"
             type="circle" x="1237" y="205" width="8" height="8"/>
    </entry>
    <entry id="111" name="ko:K00310" type="ortholog" reaction="rn:R03984"
        link="http://www.kegg.jp/dbget-bin/www_bget?K00310">
        <graphics name="K00310" fgcolor="#000000" bgcolor="#FFFFFF"
             type="rectangle" x="1187" y="200" width="46" height="17"/>
    </entry>
    <entry id="112" name="ko:K18853" type="ortholog" reaction="rn:R10802"
        link="http://www.kegg.jp/dbget-bin/www_bget?K18853">
        <graphics name="K18853" fgcolor="#000000" bgcolor="#FFFFFF"
             type="rectangle" x="918" y="694" width="46" height="17"/>
    </entry>
    <entry id="114" name="cpd:C21310" type="compound"
        link="http://www.kegg.jp/dbget-bin/www_bget?C21310">
        <graphics name="C21310" fgcolor="#000000" bgcolor="#FFFFFF"
             type="circle" x="188" y="347" width="8" height="8"/>
    </entry>
    <entry id="116" name="cpd:C19848" type="compound"
        link="http://www.kegg.jp/dbget-bin/www_bget?C19848">
        <graphics name="C19848" fgcolor="#000000" bgcolor="#FFFFFF"
             type="circle" x="188" y="552" width="8" height="8"/>
    </entry>
    <entry id="117" name="hsa:4337" type="gene" reaction="rn:R11372"
        link="http://www.kegg.jp/dbget-bin/www_bget?hsa:4337">
        <graphics name="MOCS1, MIG11, MOCOD, MOCODA" fgcolor="#000000" bgcolor="#BFFFBF"
             type="rectangle" x="188" y="379" width="46" height="17"/>
    </entry>
    <entry id="118" name="hsa:10243" type="gene" reaction="rn:R09726"
        link="http://www.kegg.jp/dbget-bin/www_bget?hsa:10243">
        <graphics name="GPHN, GEPH, GPH, GPHRYN, HKPX1, MOCODC" fgcolor="#000000" bgcolor="#BFFFBF"
             type="rectangle" x="188" y="516" width="46" height="17"/>
    </entry>
    <entry id="119" name="path:hsa00400" type="map"
        link="http://www.kegg.jp/dbget-bin/www_bget?hsa00400">
        <graphics name="Phenylalanine, tyrosine and tryptophan biosynthesis" fgcolor="#000000" bgcolor="#FFFFFF"
             type="roundrectangle" x="372" y="669" width="93" height="34"/>
    </entry>
    <entry id="121" name="cpd:C18237" type="compound"
        link="http://www.kegg.jp/dbget-bin/www_bget?C18237">
        <graphics name="C18237" fgcolor="#000000" bgcolor="#FFFFFF"
             type="circle" x="188" y="621" width="8" height="8"/>
    </entry>
    <entry id="122" name="hsa:10243" type="gene" reaction="rn:R09735"
        link="http://www.kegg.jp/dbget-bin/www_bget?hsa:10243">
        <graphics name="GPHN, GEPH, GPH, GPHRYN, HKPX1, MOCODC" fgcolor="#000000" bgcolor="#BFFFBF"
             type="rectangle" x="188" y="583" width="46" height="17"/>
    </entry>
    <entry id="123" name="cpd:C19871" type="compound"
        link="http://www.kegg.jp/dbget-bin/www_bget?C19871">
        <graphics name="C19871" fgcolor="#000000" bgcolor="#FFFFFF"
             type="circle" x="188" y="707" width="8" height="8"/>
    </entry>
    <entry id="124" name="cpd:C21485" type="compound"
        link="http://www.kegg.jp/dbget-bin/www_bget?C21485">
        <graphics name="C21485" fgcolor="#000000" bgcolor="#FFFFFF"
             type="circle" x="128" y="707" width="8" height="8"/>
    </entry>
    <entry id="125" name="cpd:C21486" type="compound"
        link="http://www.kegg.jp/dbget-bin/www_bget?C21486">
        <graphics name="C21486" fgcolor="#000000" bgcolor="#FFFFFF"
             type="circle" x="281" y="621" width="8" height="8"/>
    </entry>
    <entry id="126" name="ko:K03752 ko:K13818" type="ortholog" reaction="rn:R11581"
        link="http://www.kegg.jp/dbget-bin/www_bget?K03752+K13818">
        <graphics name="K03752..." fgcolor="#000000" bgcolor="#FFFFFF"
             type="rectangle" x="190" y="672" width="46" height="17"/>
    </entry>
    <entry id="127" name="ko:K07141" type="ortholog" reaction="rn:R11582"
        link="http://www.kegg.jp/dbget-bin/www_bget?K07141">
        <graphics name="K07141" fgcolor="#000000" bgcolor="#FFFFFF"
             type="rectangle" x="128" y="672" width="46" height="17"/>
    </entry>
    <entry id="128" name="hsa:55034" type="gene" reaction="rn:R11583"
        link="http://www.kegg.jp/dbget-bin/www_bget?hsa:55034">
        <graphics name="MOCOS, HMCS, MCS, MOS" fgcolor="#000000" bgcolor="#BFFFBF"
             type="rectangle" x="232" y="622" width="46" height="17"/>
    </entry>
    <entry id="130" name="ko:K07589" type="ortholog" reaction="rn:R11082"
        link="http://www.kegg.jp/dbget-bin/www_bget?K07589">
        <graphics name="K07589" fgcolor="#000000" bgcolor="#FFFFFF"
             type="rectangle" x="604" y="155" width="46" height="17"/>
    </entry>
    <entry id="131" name="cpd:C21094" type="compound"
        link="http://www.kegg.jp/dbget-bin/www_bget?C21094">
        <graphics name="C21094" fgcolor="#000000" bgcolor="#FFFFFF"
             type="circle" x="659" y="150" width="8" height="8"/>
    </entry>
    <entry id="132" name="cpd:C20264" type="compound"
        link="http://www.kegg.jp/dbget-bin/www_bget?C20264">
        <graphics name="C20264" fgcolor="#000000" bgcolor="#FFFFFF"
             type="circle" x="873" y="350" width="8" height="8"/>
    </entry>
    <entry id="134" name="ko:K17745" type="ortholog" reaction="rn:R09990"
        link="http://www.kegg.jp/dbget-bin/www_bget?K17745">
        <graphics name="K17745" fgcolor="#000000" bgcolor="#FFFFFF"
             type="rectangle" x="873" y="279" width="46" height="17"/>
    </entry>
    <entry id="136" name="hsa:5092 hsa:84105" type="gene" reaction="rn:R04734"
        link="http://www.kegg.jp/dbget-bin/www_bget?hsa:5092+hsa:84105">
        <graphics name="PCBD1, DCOH, PCBD, PCD, PHS..." fgcolor="#000000" bgcolor="#BFFFBF"
             type="rectangle" x="1126" y="474" width="46" height="17"/>
    </entry>
    <entry id="137" name="cpd:C15522" type="compound"
        link="http://www.kegg.jp/dbget-bin/www_bget?C15522">
        <graphics name="C15522" fgcolor="#000000" bgcolor="#FFFFFF"
             type="circle" x="1125" y="514" width="8" height="8"/>
    </entry>
    <entry id="139" name="ko:K17488" type="ortholog" reaction="rn:R10348"
        link="http://www.kegg.jp/dbget-bin/www_bget?K17488">
        <graphics name="K17488" fgcolor="#000000" bgcolor="#FFFFFF"
             type="rectangle" x="258" y="279" width="46" height="17"/>
    </entry>
    <entry id="140" name="cpd:C20567" type="compound"
        link="http://www.kegg.jp/dbget-bin/www_bget?C20567">
        <graphics name="C20567" fgcolor="#000000" bgcolor="#FFFFFF"
             type="circle" x="321" y="278" width="8" height="8"/>
    </entry>
    <entry id="143" name="ko:K17487" type="ortholog" reaction="rn:R10344"
        link="http://www.kegg.jp/dbget-bin/www_bget?K17487">
        <graphics name="K17487" fgcolor="#000000" bgcolor="#FFFFFF"
             type="rectangle" x="322" y="250" width="46" height="17"/>
    </entry>
    <entry id="144" name="cpd:C20566" type="compound"
        link="http://www.kegg.jp/dbget-bin/www_bget?C20566">
        <graphics name="C20566" fgcolor="#000000" bgcolor="#FFFFFF"
             type="circle" x="434" y="278" width="8" height="8"/>
    </entry>
    <entry id="145" name="ko:K17487" type="ortholog" reaction="rn:R10345"
        link="http://www.kegg.jp/dbget-bin/www_bget?K17487">
        <graphics name="K17487" fgcolor="#000000" bgcolor="#FFFFFF"
             type="rectangle" x="376" y="279" width="46" height="17"/>
    </entry>
    <entry id="148" name="ko:K01633" type="ortholog" reaction="rn:R11037"
        link="http://www.kegg.jp/dbget-bin/www_bget?K01633">
        <graphics name="K01633" fgcolor="#000000" bgcolor="#FFFFFF"
             type="rectangle" x="604" y="279" width="46" height="17"/>
    </entry>
    <entry id="149" name="cpd:C21065" type="compound"
        link="http://www.kegg.jp/dbget-bin/www_bget?C21065">
        <graphics name="C21065" fgcolor="#000000" bgcolor="#FFFFFF"
             type="circle" x="660" y="278" width="8" height="8"/>
    </entry>
    <entry id="151" name="cpd:C20562" type="compound"
        link="http://www.kegg.jp/dbget-bin/www_bget?C20562">
        <graphics name="C20562" fgcolor="#000000" bgcolor="#FFFFFF"
             type="circle" x="758" y="465" width="8" height="8"/>
    </entry>
    <entry id="153" name="ko:K06897" type="ortholog" reaction="rn:R10339"
        link="http://www.kegg.jp/dbget-bin/www_bget?K06897">
        <graphics name="K06897" fgcolor="#000000" bgcolor="#FFFFFF"
             type="rectangle" x="703" y="466" width="46" height="17"/>
    </entry>
    <entry id="154" name="cpd:C21107" type="compound"
        link="http://www.kegg.jp/dbget-bin/www_bget?C21107">
        <graphics name="C21107" fgcolor="#000000" bgcolor="#FFFFFF"
             type="circle" x="671" y="562" width="8" height="8"/>
    </entry>
    <entry id="156" name="cpd:C00156" type="compound"
        link="http://www.kegg.jp/dbget-bin/www_bget?C00156">
        <graphics name="C00156" fgcolor="#000000" bgcolor="#FFFFFF"
             type="circle" x="781" y="562" width="8" height="8"/>
    </entry>
    <entry id="157" name="cpd:C00119" type="compound"
        link="http://www.kegg.jp/dbget-bin/www_bget?C00119">
        <graphics name="C00119" fgcolor="#000000" bgcolor="#FFFFFF"
             type="circle" x="762" y="535" width="8" height="8"/>
    </entry>
    <entry id="159" name="path:map00362" type="map"
        link="http://www.kegg.jp/dbget-bin/www_bget?map00362">
        <graphics name="Benzoate degradation" fgcolor="#000000" bgcolor="#FFFFFF"
             type="roundrectangle" x="789" y="613" width="73" height="34"/>
    </entry>
    <entry id="161" name="hsa:5053" type="gene" reaction="rn:R07211"
        link="http://www.kegg.jp/dbget-bin/www_bget?hsa:5053">
        <graphics name="PAH, PH, PKU, PKU1" fgcolor="#000000" bgcolor="#BFFFBF"
             type="rectangle" x="1210" y="391" width="46" height="17"/>
    </entry>
    <entry id="162" name="hsa:7054" type="gene" reaction="rn:R07212"
        link="http://www.kegg.jp/dbget-bin/www_bget?hsa:7054">
        <graphics name="TH, DYT14, DYT5b, TYH" fgcolor="#000000" bgcolor="#BFFFBF"
             type="rectangle" x="1260" y="391" width="46" height="17"/>
    </entry>
    <entry id="163" name="hsa:121278 hsa:7166" type="gene" reaction="rn:R07213"
        link="http://www.kegg.jp/dbget-bin/www_bget?hsa:121278+hsa:7166">
        <graphics name="TPH2, ADHD7, NTPH..." fgcolor="#000000" bgcolor="#BFFFBF"
             type="rectangle" x="1236" y="410" width="46" height="17"/>
    </entry>
    <entry id="164" name="hsa:6697" type="gene" reaction="rn:R08208"
        link="http://www.kegg.jp/dbget-bin/www_bget?hsa:6697">
        <graphics name="SPR, SDR38C1" fgcolor="#000000" bgcolor="#BFFFBF"
             type="rectangle" x="1126" y="279" width="46" height="17"/>
    </entry>
    <entry id="166" name="cpd:C21008" type="compound"
        link="http://www.kegg.jp/dbget-bin/www_bget?C21008">
        <graphics name="C21008" fgcolor="#000000" bgcolor="#FFFFFF"
             type="circle" x="659" y="219" width="8" height="8"/>
    </entry>
    <entry id="168" name="ko:K13938" type="ortholog" reaction="rn:R11019"
        link="http://www.kegg.jp/dbget-bin/www_bget?K13938">
        <graphics name="K13938" fgcolor="#000000" bgcolor="#FFFFFF"
             type="rectangle" x="716" y="220" width="46" height="17"/>
    </entry>
    <entry id="169" name="cpd:C21007" type="compound"
        link="http://www.kegg.jp/dbget-bin/www_bget?C21007">
        <graphics name="C21007" fgcolor="#000000" bgcolor="#FFFFFF"
             type="circle" x="772" y="219" width="8" height="8"/>
    </entry>
    <entry id="171" name="ko:K01633" type="ortholog" reaction="rn:R11073"
        link="http://www.kegg.jp/dbget-bin/www_bget?K01633">
        <graphics name="K01633" fgcolor="#000000" bgcolor="#FFFFFF"
             type="rectangle" x="604" y="220" width="46" height="17"/>
    </entry>
    <entry id="173" name="ko:K22102" type="ortholog" reaction="rn:R11718"
        link="http://www.kegg.jp/dbget-bin/www_bget?K22102">
        <graphics name="K22102" fgcolor="#000000" bgcolor="#FFFFFF"
             type="rectangle" x="475" y="362" width="46" height="17"/>
    </entry>
    <entry id="175" name="ko:K22101" type="ortholog" reaction="rn:R11719"
        link="http://www.kegg.jp/dbget-bin/www_bget?K22101">
        <graphics name="K22101" fgcolor="#000000" bgcolor="#FFFFFF"
             type="rectangle" x="706" y="362" width="46" height="17"/>
    </entry>
    <entry id="177" name="cpd:C01304" type="compound"
        link="http://www.kegg.jp/dbget-bin/www_bget?C01304">
        <graphics name="C01304" fgcolor="#000000" bgcolor="#FFFFFF"
             type="circle" x="282" y="212" width="8" height="8"/>
    </entry>
    <entry id="178" name="ko:K22100" type="ortholog" reaction="rn:R11072"
        link="http://www.kegg.jp/dbget-bin/www_bget?K22100">
        <graphics name="K22100" fgcolor="#000000" bgcolor="#FFFFFF"
             type="rectangle" x="350" y="208" width="46" height="17"/>
    </entry>
    <entry id="180" name="hsa:2643" type="gene" reaction="rn:R00428"
        link="http://www.kegg.jp/dbget-bin/www_bget?hsa:2643">
        <graphics name="GCH1, DYT14, DYT5, DYT5a, GCH, GTP-CH-1, GTPCH1, HPABH4B" fgcolor="#000000" bgcolor="#BFFFBF"
             type="rectangle" x="157" y="252" width="46" height="17"/>
    </entry>
    <entry id="181" name="ko:K01497 ko:K14652" type="ortholog" reaction="rn:R00425"
        link="http://www.kegg.jp/dbget-bin/www_bget?K01497+K14652">
        <graphics name="K01497..." fgcolor="#000000" bgcolor="#FFFFFF"
             type="rectangle" x="231" y="213" width="46" height="17"/>
    </entry>
    <entry id="183" name="hsa:6697" type="gene" reaction="rn:R01813"
        link="http://www.kegg.jp/dbget-bin/www_bget?hsa:6697">
        <graphics name="SPR, SDR38C1" fgcolor="#000000" bgcolor="#BFFFBF"
             type="rectangle" x="1064" y="315" width="46" height="17"/>
    </entry>
    <entry id="184" name="cpd:C00835" type="compound"
        link="http://www.kegg.jp/dbget-bin/www_bget?C00835">
        <graphics name="C00835" fgcolor="#000000" bgcolor="#FFFFFF"
             type="circle" x="955" y="277" width="8" height="8"/>
    </entry>
    <entry id="185" name="cpd:C02953" type="compound"
        link="http://www.kegg.jp/dbget-bin/www_bget?C02953">
        <graphics name="C02953" fgcolor="#000000" bgcolor="#FFFFFF"
             type="circle" x="955" y="350" width="8" height="8"/>
    </entry>
    <entry id="187" name="hsa:6697" type="gene" reaction="rn:R02975"
        link="http://www.kegg.jp/dbget-bin/www_bget?hsa:6697">
        <graphics name="SPR, SDR38C1" fgcolor="#000000" bgcolor="#BFFFBF"
             type="rectangle" x="980" y="315" width="46" height="17"/>
    </entry>
    <entry id="189" name="hsa:1719 hsa:200895" type="gene" reaction="rn:R11765"
        link="http://www.kegg.jp/dbget-bin/www_bget?hsa:1719+hsa:200895">
        <graphics name="DHFR, DHFRP1, DYR..." fgcolor="#000000" bgcolor="#BFFFBF"
             type="rectangle" x="1017" y="351" width="46" height="17"/>
    </entry>
    <entry id="190" name="cpd:C21640" type="compound"
        link="http://www.kegg.jp/dbget-bin/www_bget?C21640">
        <graphics name="C21640" fgcolor="#000000" bgcolor="#FFFFFF"
             type="circle" x="1186" y="277" width="8" height="8"/>
    </entry>
    <entry id="191" name="hsa:231 hsa:57016" type="gene" reaction="rn:R04285"
        link="http://www.kegg.jp/dbget-bin/www_bget?hsa:231+hsa:57016">
        <graphics name="AKR1B1, ADR, ALDR1, ALR2, AR..." fgcolor="#000000" bgcolor="#BFFFBF"
             type="rectangle" x="1088" y="242" width="46" height="17"/>
    </entry>
    <entry id="192" name="hsa:873" type="gene" reaction="rn:R04285"
        link="http://www.kegg.jp/dbget-bin/www_bget?hsa:873">
        <graphics name="CBR1, CBR, SDR21C1, hCBR1" fgcolor="#000000" bgcolor="#BFFFBF"
             type="rectangle" x="1038" y="242" width="46" height="17"/>
    </entry>
    <entry id="193" name="hsa:8644" type="gene" reaction="rn:R11763"
        link="http://www.kegg.jp/dbget-bin/www_bget?hsa:8644">
        <graphics name="AKR1C3, DD3, DDX, HA1753, HAKRB, HAKRe, HSD17B5, PGFS, hluPGFS" fgcolor="#000000" bgcolor="#BFFFBF"
             type="rectangle" x="1187" y="242" width="46" height="17"/>
    </entry>
    <entry id="195" name="hsa:231 hsa:57016" type="gene" reaction="rn:R11764"
        link="http://www.kegg.jp/dbget-bin/www_bget?hsa:231+hsa:57016">
        <graphics name="AKR1B1, ADR, ALDR1, ALR2, AR..." fgcolor="#000000" bgcolor="#BFFFBF"
             type="rectangle" x="1187" y="315" width="46" height="17"/>
    </entry>
    <entry id="198" name="hsa:873" type="gene" reaction="rn:R02975"
        link="http://www.kegg.jp/dbget-bin/www_bget?hsa:873">
        <graphics name="CBR1, CBR, SDR21C1, hCBR1" fgcolor="#000000" bgcolor="#BFFFBF"
             type="rectangle" x="930" y="315" width="46" height="17"/>
    </entry>
    <entry id="200" name="cpd:C20559" type="compound"
        link="http://www.kegg.jp/dbget-bin/www_bget?C20559">
        <graphics name="C20559" fgcolor="#000000" bgcolor="#FFFFFF"
             type="circle" x="671" y="496" width="8" height="8"/>
    </entry>
    <entry id="201" name="ko:K06984" type="ortholog" reaction="rn:R11102"
        link="http://www.kegg.jp/dbget-bin/www_bget?K06984">
        <graphics name="K06984" fgcolor="#000000" bgcolor="#FFFFFF"
             type="rectangle" x="727" y="562" width="46" height="17"/>
    </entry>
    <relation entry1="79" entry2="86" type="ECrel">
        <subtype name="compound" value="14"/>
    </relation>
    <relation entry1="79" entry2="85" type="ECrel">
        <subtype name="compound" value="14"/>
    </relation>
    <relation entry1="85" entry2="86" type="ECrel">
        <subtype name="compound" value="14"/>
    </relation>
    <relation entry1="70" entry2="83" type="ECrel">
        <subtype name="compound" value="25"/>
    </relation>
    <relation entry1="69" entry2="83" type="ECrel">
        <subtype name="compound" value="25"/>
    </relation>
    <relation entry1="68" entry2="82" type="ECrel">
        <subtype name="compound" value="27"/>
    </relation>
    <relation entry1="82" entry2="84" type="ECrel">
        <subtype name="compound" value="27"/>
    </relation>
    <relation entry1="68" entry2="69" type="ECrel">
        <subtype name="compound" value="27"/>
    </relation>
    <relation entry1="69" entry2="84" type="ECrel">
        <subtype name="compound" value="27"/>
    </relation>
    <relation entry1="68" entry2="84" type="ECrel">
        <subtype name="compound" value="27"/>
    </relation>
    <relation entry1="67" entry2="84" type="ECrel">
        <subtype name="compound" value="29"/>
    </relation>
    <relation entry1="180" entry2="12" type="maplink">
        <subtype name="compound" value="13"/>
    </relation>
    <relation entry1="83" entry2="11" type="maplink">
        <subtype name="compound" value="25"/>
    </relation>
    <relation entry1="70" entry2="11" type="maplink">
        <subtype name="compound" value="25"/>
    </relation>
    <relation entry1="69" entry2="11" type="maplink">
        <subtype name="compound" value="25"/>
    </relation>
    <relation entry1="164" entry2="78" type="ECrel">
        <subtype name="compound" value="17"/>
    </relation>
    <relation entry1="180" entry2="93" type="ECrel">
        <subtype name="compound" value="13"/>
    </relation>
    <relation entry1="79" entry2="96" type="ECrel">
        <subtype name="compound" value="14"/>
    </relation>
    <relation entry1="86" entry2="96" type="ECrel">
        <subtype name="compound" value="14"/>
    </relation>
    <relation entry1="85" entry2="96" type="ECrel">
        <subtype name="compound" value="14"/>
    </relation>
    <relation entry1="12" entry2="93" type="maplink">
        <subtype name="compound" value="13"/>
    </relation>
    <relation entry1="93" entry2="117" type="ECrel">
        <subtype name="compound" value="114"/>
    </relation>
    <relation entry1="117" entry2="94" type="ECrel">
        <subtype name="compound" value="91"/>
    </relation>
    <relation entry1="94" entry2="118" type="ECrel">
        <subtype name="compound" value="33"/>
    </relation>
    <relation entry1="118" entry2="122" type="ECrel">
        <subtype name="compound" value="116"/>
    </relation>
    <relation entry1="122" entry2="128" type="ECrel">
        <subtype name="compound" value="121"/>
    </relation>
    <relation entry1="86" entry2="193" type="ECrel">
        <subtype name="compound" value="15"/>
    </relation>
    <relation entry1="86" entry2="191" type="ECrel">
        <subtype name="compound" value="15"/>
    </relation>
    <relation entry1="86" entry2="192" type="ECrel">
        <subtype name="compound" value="15"/>
    </relation>
    <relation entry1="86" entry2="164" type="ECrel">
        <subtype name="compound" value="15"/>
    </relation>
    <relation entry1="193" entry2="191" type="ECrel">
        <subtype name="compound" value="15"/>
    </relation>
    <relation entry1="193" entry2="192" type="ECrel">
        <subtype name="compound" value="15"/>
    </relation>
    <relation entry1="193" entry2="164" type="ECrel">
        <subtype name="compound" value="15"/>
    </relation>
    <relation entry1="191" entry2="164" type="ECrel">
        <subtype name="compound" value="15"/>
    </relation>
    <relation entry1="192" entry2="164" type="ECrel">
        <subtype name="compound" value="15"/>
    </relation>
    <relation entry1="193" entry2="195" type="ECrel">
        <subtype name="compound" value="190"/>
    </relation>
    <relation entry1="164" entry2="195" type="ECrel">
        <subtype name="compound" value="17"/>
    </relation>
    <relation entry1="164" entry2="189" type="ECrel">
        <subtype name="compound" value="17"/>
    </relation>
    <relation entry1="164" entry2="161" type="ECrel">
        <subtype name="compound" value="17"/>
    </relation>
    <relation entry1="164" entry2="162" type="ECrel">
        <subtype name="compound" value="17"/>
    </relation>
    <relation entry1="164" entry2="163" type="ECrel">
        <subtype name="compound" value="17"/>
    </relation>
    <relation entry1="195" entry2="189" type="ECrel">
        <subtype name="compound" value="17"/>
    </relation>
    <relation entry1="195" entry2="78" type="ECrel">
        <subtype name="compound" value="17"/>
    </relation>
    <relation entry1="195" entry2="161" type="ECrel">
        <subtype name="compound" value="17"/>
    </relation>
    <relation entry1="195" entry2="162" type="ECrel">
        <subtype name="compound" value="17"/>
    </relation>
    <relation entry1="195" entry2="163" type="ECrel">
        <subtype name="compound" value="17"/>
    </relation>
    <relation entry1="189" entry2="78" type="ECrel">
        <subtype name="compound" value="17"/>
    </relation>
    <relation entry1="189" entry2="161" type="ECrel">
        <subtype name="compound" value="17"/>
    </relation>
    <relation entry1="189" entry2="162" type="ECrel">
        <subtype name="compound" value="17"/>
    </relation>
    <relation entry1="189" entry2="163" type="ECrel">
        <subtype name="compound" value="17"/>
    </relation>
    <relation entry1="78" entry2="161" type="ECrel">
        <subtype name="compound" value="17"/>
    </relation>
    <relation entry1="78" entry2="162" type="ECrel">
        <subtype name="compound" value="17"/>
    </relation>
    <relation entry1="78" entry2="163" type="ECrel">
        <subtype name="compound" value="17"/>
    </relation>
    <relation entry1="78" entry2="136" type="ECrel">
        <subtype name="compound" value="18"/>
    </relation>
    <relation entry1="136" entry2="163" type="ECrel">
        <subtype name="compound" value="137"/>
    </relation>
    <relation entry1="136" entry2="161" type="ECrel">
        <subtype name="compound" value="137"/>
    </relation>
    <relation entry1="136" entry2="162" type="ECrel">
        <subtype name="compound" value="137"/>
    </relation>
    <relation entry1="189" entry2="198" type="ECrel">
        <subtype name="compound" value="185"/>
    </relation>
    <relation entry1="189" entry2="187" type="ECrel">
        <subtype name="compound" value="185"/>
    </relation>
    <reaction id="67" name="rn:R04241" type="reversible">
        <substrate id="28" name="cpd:C03541"/>
        <product id="29" name="cpd:C03541"/>
    </reaction>
    <reaction id="68" name="rn:R00942" type="reversible">
        <substrate id="27" name="cpd:C00101"/>
        <product id="28" name="cpd:C09332"/>
    </reaction>
    <reaction id="69" name="rn:R00936 rn:R00939" type="reversible">
        <substrate id="27" name="cpd:C00101"/>
        <product id="25" name="cpd:C00415"/>
    </reaction>
    <reaction id="70" name="rn:R02235 rn:R02236" type="reversible">
        <substrate id="25" name="cpd:C00415"/>
        <product id="26" name="cpd:C00504"/>
    </reaction>
    <reaction id="78" name="rn:R01793 rn:R01794" type="reversible">
        <substrate id="18" name="cpd:C00268"/>
        <product id="17" name="cpd:C00272"/>
    </reaction>
    <reaction id="164" name="rn:R08208" type="irreversible">
        <substrate id="15" name="cpd:C03684"/>
        <product id="17" name="cpd:C00272"/>
    </reaction>
    <reaction id="79" name="rn:R04639" type="irreversible">
        <substrate id="37" name="cpd:C06148"/>
        <product id="14" name="cpd:C04895"/>
    </reaction>
    <reaction id="80" name="rn:R05048" type="irreversible">
        <substrate id="34" name="cpd:C05923"/>
        <product id="37" name="cpd:C06148"/>
    </reaction>
    <reaction id="81" name="rn:R05046" type="irreversible">
        <substrate id="35" name="cpd:C05922"/>
        <product id="34" name="cpd:C05923"/>
    </reaction>
    <reaction id="180" name="rn:R00428" type="irreversible">
        <substrate id="13" name="cpd:C00044"/>
        <product id="35" name="cpd:C05922"/>
    </reaction>
    <reaction id="82" name="rn:R00937 rn:R00940" type="irreversible">
        <substrate id="26" name="cpd:C00504"/>
        <product id="27" name="cpd:C00101"/>
    </reaction>
    <reaction id="83" name="rn:R02237" type="irreversible">
        <substrate id="23" name="cpd:C00921"/>
        <product id="25" name="cpd:C00415"/>
    </reaction>
    <reaction id="84" name="rn:R04242" type="irreversible">
        <substrate id="29" name="cpd:C03541"/>
        <product id="27" name="cpd:C00101"/>
    </reaction>
    <reaction id="85" name="rn:R04620" type="irreversible">
        <substrate id="14" name="cpd:C04895"/>
        <product id="19" name="cpd:C04874"/>
    </reaction>
    <reaction id="86" name="rn:R04286" type="irreversible">
        <substrate id="14" name="cpd:C04895"/>
        <product id="15" name="cpd:C03684"/>
    </reaction>
    <reaction id="93" name="rn:R09394" type="irreversible">
        <substrate id="13" name="cpd:C00044"/>
        <product id="114" name="cpd:C21310"/>
    </reaction>
    <reaction id="94" name="rn:R09395" type="irreversible">
        <substrate id="91" name="cpd:C18239"/>
        <product id="33" name="cpd:C05924"/>
    </reaction>
    <reaction id="96" name="rn:R09959" type="irreversible">
        <substrate id="14" name="cpd:C04895"/>
        <product id="97" name="cpd:C20239"/>
    </reaction>
    <reaction id="117" name="rn:R11372" type="irreversible">
        <substrate id="114" name="cpd:C21310"/>
        <product id="91" name="cpd:C18239"/>
    </reaction>
    <reaction id="118" name="rn:R09726" type="irreversible">
        <substrate id="33" name="cpd:C05924"/>
        <product id="116" name="cpd:C19848"/>
    </reaction>
    <reaction id="122" name="rn:R09735" type="irreversible">
        <substrate id="116" name="cpd:C19848"/>
        <product id="121" name="cpd:C18237"/>
    </reaction>
    <reaction id="128" name="rn:R11583" type="irreversible">
        <substrate id="121" name="cpd:C18237"/>
        <product id="125" name="cpd:C21486"/>
    </reaction>
    <reaction id="136" name="rn:R04734" type="irreversible">
        <substrate id="137" name="cpd:C15522"/>
        <product id="18" name="cpd:C00268"/>
    </reaction>
    <reaction id="161" name="rn:R07211" type="irreversible">
        <substrate id="17" name="cpd:C00272"/>
        <product id="137" name="cpd:C15522"/>
    </reaction>
    <reaction id="162" name="rn:R07212" type="irreversible">
        <substrate id="17" name="cpd:C00272"/>
        <product id="137" name="cpd:C15522"/>
    </reaction>
    <reaction id="163" name="rn:R07213" type="irreversible">
        <substrate id="17" name="cpd:C00272"/>
        <product id="137" name="cpd:C15522"/>
    </reaction>
    <reaction id="183" name="rn:R01813" type="irreversible">
        <substrate id="16" name="cpd:C04244"/>
        <product id="17" name="cpd:C00272"/>
    </reaction>
    <reaction id="187" name="rn:R02975" type="irreversible">
        <substrate id="184" name="cpd:C00835"/>
        <product id="185" name="cpd:C02953"/>
    </reaction>
    <reaction id="189" name="rn:R11765" type="irreversible">
        <substrate id="185" name="cpd:C02953"/>
        <product id="17" name="cpd:C00272"/>
    </reaction>
    <reaction id="191" name="rn:R04285" type="irreversible">
        <substrate id="15" name="cpd:C03684"/>
        <product id="16" name="cpd:C04244"/>
    </reaction>
    <reaction id="192" name="rn:R04285" type="irreversible">
        <substrate id="15" name="cpd:C03684"/>
        <product id="16" name="cpd:C04244"/>
    </reaction>
    <reaction id="193" name="rn:R11763" type="irreversible">
        <substrate id="15" name="cpd:C03684"/>
        <product id="190" name="cpd:C21640"/>
    </reaction>
    <reaction id="195" name="rn:R11764" type="irreversible">
        <substrate id="190" name="cpd:C21640"/>
        <product id="17" name="cpd:C00272"/>
    </reaction>
    <reaction id="198" name="rn:R02975" type="irreversible">
        <substrate id="184" name="cpd:C00835"/>
        <product id="185" name="cpd:C02953"/>
    </reaction>
</pathway>
