<?xml version="1.0"?>
<!DOCTYPE pathway SYSTEM "http://www.kegg.jp/kegg/xml/KGML_v0.7.2_.dtd">
<!-- Creation date: Apr 9, 2018 14:27:57 +0900 (GMT+9) -->
<pathway name="path:hsa00750" org="hsa" number="00750"
         title="Vitamin B6 metabolism"
         image="http://www.kegg.jp/kegg/pathway/hsa/hsa00750.png"
         link="http://www.kegg.jp/kegg-bin/show_pathway?hsa00750">
    <entry id="4" name="cpd:C00118" type="compound"
        link="http://www.kegg.jp/dbget-bin/www_bget?C00118">
        <graphics name="C00118" fgcolor="#000000" bgcolor="#FFFFFF"
             type="circle" x="898" y="285" width="8" height="8"/>
    </entry>
    <entry id="5" name="cpd:C00199" type="compound"
        link="http://www.kegg.jp/dbget-bin/www_bget?C00199">
        <graphics name="C00199" fgcolor="#000000" bgcolor="#FFFFFF"
             type="circle" x="853" y="307" width="8" height="8"/>
    </entry>
    <entry id="6" name="ko:K06215 ko:K08681" type="ortholog" reaction="rn:R07456"
        link="http://www.kegg.jp/dbget-bin/www_bget?K06215+K08681">
        <graphics name="K06215..." fgcolor="#000000" bgcolor="#FFFFFF"
             type="rectangle" x="854" y="256" width="46" height="17"/>
    </entry>
    <entry id="7" name="path:hsa00010" type="map"
        link="http://www.kegg.jp/dbget-bin/www_bget?hsa00010">
        <graphics name="Glycolysis / Gluconeogenesis" fgcolor="#000000" bgcolor="#FFFFFF"
             type="roundrectangle" x="899" y="336" width="74" height="25"/>
    </entry>
    <entry id="8" name="path:hsa00030" type="map"
        link="http://www.kegg.jp/dbget-bin/www_bget?hsa00030">
        <graphics name="Pentose phosphate pathway" fgcolor="#000000" bgcolor="#FFFFFF"
             type="roundrectangle" x="876" y="373" width="152" height="25"/>
    </entry>
    <entry id="9" name="cpd:C07335" type="compound"
        link="http://www.kegg.jp/dbget-bin/www_bget?C07335">
        <graphics name="C07335" fgcolor="#000000" bgcolor="#FFFFFF"
             type="circle" x="756" y="526" width="8" height="8"/>
    </entry>
    <entry id="11" name="path:hsa00750" type="map"
        link="http://www.kegg.jp/dbget-bin/www_bget?hsa00750">
        <graphics name="TITLE:Vitamin B6 metabolism" fgcolor="#000000" bgcolor="#FFFFFF"
             type="roundrectangle" x="142" y="58" width="203" height="25"/>
    </entry>
    <entry id="12" name="path:hsa00030" type="map"
        link="http://www.kegg.jp/dbget-bin/www_bget?hsa00030">
        <graphics name="Pentose phosphate pathway" fgcolor="#000000" bgcolor="#FFFFFF"
             type="roundrectangle" x="184" y="526" width="116" height="34"/>
    </entry>
    <entry id="13" name="path:hsa00630" type="map"
        link="http://www.kegg.jp/dbget-bin/www_bget?hsa00630">
        <graphics name="Glyoxylate and dicarboxylate metabolism" fgcolor="#000000" bgcolor="#FFFFFF"
             type="roundrectangle" x="312" y="348" width="141" height="34"/>
    </entry>
    <entry id="14" name="path:hsa00650" type="map"
        link="http://www.kegg.jp/dbget-bin/www_bget?hsa00650">
        <graphics name="Butanoate metabolism" fgcolor="#000000" bgcolor="#FFFFFF"
             type="roundrectangle" x="222" y="137" width="126" height="25"/>
    </entry>
    <entry id="16" name="ko:K18608" type="ortholog" reaction="rn:R01712"
        link="http://www.kegg.jp/dbget-bin/www_bget?K18608">
        <graphics name="K18608" fgcolor="#000000" bgcolor="#FFFFFF"
             type="rectangle" x="573" y="117" width="46" height="17"/>
    </entry>
    <entry id="18" name="hsa:316" type="gene" reaction="rn:R01709"
        link="http://www.kegg.jp/dbget-bin/www_bget?hsa:316">
        <graphics name="AOX1, AO, AOH1" fgcolor="#000000" bgcolor="#BFFFBF"
             type="rectangle" x="541" y="202" width="46" height="17"/>
    </entry>
    <entry id="19" name="hsa:55163" type="gene" reaction="rn:R01710"
        link="http://www.kegg.jp/dbget-bin/www_bget?hsa:55163">
        <graphics name="PNPO, HEL-S-302, PDXPO" fgcolor="#000000" bgcolor="#BFFFBF"
             type="rectangle" x="623" y="136" width="46" height="17"/>
    </entry>
    <entry id="20" name="cpd:C00232" type="compound"
        link="http://www.kegg.jp/dbget-bin/www_bget?C00232">
        <graphics name="C00232" fgcolor="#000000" bgcolor="#FFFFFF"
             type="circle" x="70" y="136" width="8" height="8"/>
    </entry>
    <entry id="21" name="cpd:C01215" type="compound"
        link="http://www.kegg.jp/dbget-bin/www_bget?C01215">
        <graphics name="C01215" fgcolor="#000000" bgcolor="#FFFFFF"
             type="circle" x="70" y="212" width="8" height="8"/>
    </entry>
    <entry id="22" name="cpd:C01270" type="compound"
        link="http://www.kegg.jp/dbget-bin/www_bget?C01270">
        <graphics name="C01270" fgcolor="#000000" bgcolor="#FFFFFF"
             type="circle" x="170" y="212" width="8" height="8"/>
    </entry>
    <entry id="23" name="cpd:C04604" type="compound"
        link="http://www.kegg.jp/dbget-bin/www_bget?C04604">
        <graphics name="C04604" fgcolor="#000000" bgcolor="#FFFFFF"
             type="circle" x="270" y="212" width="8" height="8"/>
    </entry>
    <entry id="24" name="cpd:C06050" type="compound"
        link="http://www.kegg.jp/dbget-bin/www_bget?C06050">
        <graphics name="C06050" fgcolor="#000000" bgcolor="#FFFFFF"
             type="circle" x="370" y="212" width="8" height="8"/>
    </entry>
    <entry id="25" name="cpd:C00971" type="compound"
        link="http://www.kegg.jp/dbget-bin/www_bget?C00971">
        <graphics name="C00971" fgcolor="#000000" bgcolor="#FFFFFF"
             type="circle" x="470" y="159" width="8" height="8"/>
    </entry>
    <entry id="26" name="cpd:C00250" type="compound"
        link="http://www.kegg.jp/dbget-bin/www_bget?C00250">
        <graphics name="C00250" fgcolor="#000000" bgcolor="#FFFFFF"
             type="circle" x="598" y="212" width="8" height="8"/>
    </entry>
    <entry id="27" name="cpd:C00534" type="compound"
        link="http://www.kegg.jp/dbget-bin/www_bget?C00534">
        <graphics name="C00534" fgcolor="#000000" bgcolor="#FFFFFF"
             type="circle" x="598" y="76" width="8" height="8"/>
    </entry>
    <entry id="28" name="cpd:C00647" type="compound"
        link="http://www.kegg.jp/dbget-bin/www_bget?C00647">
        <graphics name="C00647" fgcolor="#000000" bgcolor="#FFFFFF"
             type="circle" x="756" y="76" width="8" height="8"/>
    </entry>
    <entry id="29" name="cpd:C00018" type="compound"
        link="http://www.kegg.jp/dbget-bin/www_bget?C00018">
        <graphics name="C00018" fgcolor="#000000" bgcolor="#FFFFFF"
             type="circle" x="756" y="212" width="8" height="8"/>
    </entry>
    <entry id="30" name="cpd:C00627" type="compound"
        link="http://www.kegg.jp/dbget-bin/www_bget?C00627">
        <graphics name="C00627" fgcolor="#000000" bgcolor="#FFFFFF"
             type="circle" x="756" y="348" width="8" height="8"/>
    </entry>
    <entry id="31" name="cpd:C00266" type="compound"
        link="http://www.kegg.jp/dbget-bin/www_bget?C00266">
        <graphics name="C00266" fgcolor="#000000" bgcolor="#FFFFFF"
             type="circle" x="457" y="348" width="8" height="8"/>
    </entry>
    <entry id="32" name="cpd:C00314" type="compound"
        link="http://www.kegg.jp/dbget-bin/www_bget?C00314">
        <graphics name="C00314" fgcolor="#000000" bgcolor="#FFFFFF"
             type="circle" x="598" y="348" width="8" height="8"/>
    </entry>
    <entry id="33" name="cpd:C04773" type="compound"
        link="http://www.kegg.jp/dbget-bin/www_bget?C04773">
        <graphics name="C04773" fgcolor="#000000" bgcolor="#FFFFFF"
             type="circle" x="386" y="432" width="8" height="8"/>
    </entry>
    <entry id="34" name="cpd:C04690" type="compound"
        link="http://www.kegg.jp/dbget-bin/www_bget?C04690">
        <graphics name="C04690" fgcolor="#000000" bgcolor="#FFFFFF"
             type="circle" x="251" y="432" width="8" height="8"/>
    </entry>
    <entry id="35" name="cpd:C03393" type="compound"
        link="http://www.kegg.jp/dbget-bin/www_bget?C03393">
        <graphics name="C03393" fgcolor="#000000" bgcolor="#FFFFFF"
             type="circle" x="421" y="526" width="8" height="8"/>
    </entry>
    <entry id="36" name="cpd:C00279" type="compound"
        link="http://www.kegg.jp/dbget-bin/www_bget?C00279">
        <graphics name="C00279" fgcolor="#000000" bgcolor="#FFFFFF"
             type="circle" x="309" y="526" width="8" height="8"/>
    </entry>
    <entry id="37" name="cpd:C06051" type="compound"
        link="http://www.kegg.jp/dbget-bin/www_bget?C06051">
        <graphics name="C06051" fgcolor="#000000" bgcolor="#FFFFFF"
             type="circle" x="598" y="432" width="8" height="8"/>
    </entry>
    <entry id="38" name="cpd:C06052" type="compound"
        link="http://www.kegg.jp/dbget-bin/www_bget?C06052">
        <graphics name="C06052" fgcolor="#000000" bgcolor="#FFFFFF"
             type="circle" x="494" y="432" width="8" height="8"/>
    </entry>
    <entry id="39" name="cpd:C04106" type="compound"
        link="http://www.kegg.jp/dbget-bin/www_bget?C04106">
        <graphics name="C04106" fgcolor="#000000" bgcolor="#FFFFFF"
             type="circle" x="126" y="432" width="8" height="8"/>
    </entry>
    <entry id="40" name="cpd:C06054" type="compound"
        link="http://www.kegg.jp/dbget-bin/www_bget?C06054">
        <graphics name="C06054" fgcolor="#000000" bgcolor="#FFFFFF"
             type="circle" x="533" y="526" width="8" height="8"/>
    </entry>
    <entry id="41" name="cpd:C06055" type="compound"
        link="http://www.kegg.jp/dbget-bin/www_bget?C06055">
        <graphics name="C06055" fgcolor="#000000" bgcolor="#FFFFFF"
             type="circle" x="646" y="526" width="8" height="8"/>
    </entry>
    <entry id="76" name="hsa:55163" type="gene" reaction="rn:R00277"
        link="http://www.kegg.jp/dbget-bin/www_bget?hsa:55163">
        <graphics name="PNPO, HEL-S-302, PDXPO" fgcolor="#000000" bgcolor="#BFFFBF"
             type="rectangle" x="757" y="136" width="46" height="17"/>
    </entry>
    <entry id="77" name="hsa:493911 hsa:57026" type="gene" reaction="rn:R02494"
        link="http://www.kegg.jp/dbget-bin/www_bget?hsa:493911+hsa:57026">
        <graphics name="PHOSPHO2..." fgcolor="#000000" bgcolor="#BFFFBF"
             type="rectangle" x="682" y="86" width="46" height="17"/>
    </entry>
    <entry id="78" name="hsa:8566" type="gene" reaction="rn:R02493"
        link="http://www.kegg.jp/dbget-bin/www_bget?hsa:8566">
        <graphics name="PDXK, C21orf124, C21orf97, HEL-S-1a, PKH, PNK, PRED79" fgcolor="#000000" bgcolor="#BFFFBF"
             type="rectangle" x="682" y="67" width="46" height="17"/>
    </entry>
    <entry id="79" name="hsa:493911 hsa:57026" type="gene" reaction="rn:R01911"
        link="http://www.kegg.jp/dbget-bin/www_bget?hsa:493911+hsa:57026">
        <graphics name="PHOSPHO2..." fgcolor="#000000" bgcolor="#BFFFBF"
             type="rectangle" x="682" y="358" width="46" height="17"/>
    </entry>
    <entry id="80" name="hsa:8566" type="gene" reaction="rn:R01909"
        link="http://www.kegg.jp/dbget-bin/www_bget?hsa:8566">
        <graphics name="PDXK, C21orf124, C21orf97, HEL-S-1a, PKH, PNK, PRED79" fgcolor="#000000" bgcolor="#BFFFBF"
             type="rectangle" x="682" y="339" width="46" height="17"/>
    </entry>
    <entry id="81" name="hsa:493911 hsa:57026" type="gene" reaction="rn:R00173"
        link="http://www.kegg.jp/dbget-bin/www_bget?hsa:493911+hsa:57026">
        <graphics name="PHOSPHO2..." fgcolor="#000000" bgcolor="#BFFFBF"
             type="rectangle" x="682" y="222" width="46" height="17"/>
    </entry>
    <entry id="82" name="hsa:8566" type="gene" reaction="rn:R00174"
        link="http://www.kegg.jp/dbget-bin/www_bget?hsa:8566">
        <graphics name="PDXK, C21orf124, C21orf97, HEL-S-1a, PKH, PNK, PRED79" fgcolor="#000000" bgcolor="#BFFFBF"
             type="rectangle" x="682" y="203" width="46" height="17"/>
    </entry>
    <entry id="83" name="ko:K01733" type="ortholog" reaction="rn:R05086"
        link="http://www.kegg.jp/dbget-bin/www_bget?K01733">
        <graphics name="K01733" fgcolor="#000000" bgcolor="#FFFFFF"
             type="rectangle" x="646" y="495" width="46" height="17"/>
    </entry>
    <entry id="84" name="ko:K00097" type="ortholog" reaction="rn:R05681"
        link="http://www.kegg.jp/dbget-bin/www_bget?K00097">
        <graphics name="K00097" fgcolor="#000000" bgcolor="#FFFFFF"
             type="rectangle" x="700" y="526" width="46" height="17"/>
    </entry>
    <entry id="85" name="hsa:29968" type="gene" reaction="rn:R05085"
        link="http://www.kegg.jp/dbget-bin/www_bget?hsa:29968">
        <graphics name="PSAT1, EPIP, NLS2, PSA, PSAT, PSATD" fgcolor="#000000" bgcolor="#BFFFBF"
             type="rectangle" x="592" y="527" width="46" height="17"/>
    </entry>
    <entry id="86" name="ko:K03473" type="ortholog" reaction="rn:R04210"
        link="http://www.kegg.jp/dbget-bin/www_bget?K03473">
        <graphics name="K03473" fgcolor="#000000" bgcolor="#FFFFFF"
             type="rectangle" x="479" y="527" width="46" height="17"/>
    </entry>
    <entry id="87" name="ko:K03472" type="ortholog" reaction="rn:R01825"
        link="http://www.kegg.jp/dbget-bin/www_bget?K03472">
        <graphics name="K03472" fgcolor="#000000" bgcolor="#FFFFFF"
             type="rectangle" x="366" y="527" width="46" height="17"/>
    </entry>
    <entry id="90" name="hsa:55163" type="gene" reaction="rn:R00278"
        link="http://www.kegg.jp/dbget-bin/www_bget?hsa:55163">
        <graphics name="PNPO, HEL-S-302, PDXPO" fgcolor="#000000" bgcolor="#BFFFBF"
             type="rectangle" x="757" y="291" width="46" height="17"/>
    </entry>
    <entry id="91" name="ko:K18607" type="ortholog" reaction="rn:R01711"
        link="http://www.kegg.jp/dbget-bin/www_bget?K18607">
        <graphics name="K18607" fgcolor="#000000" bgcolor="#FFFFFF"
             type="rectangle" x="573" y="291" width="46" height="17"/>
    </entry>
    <entry id="92" name="ko:K05275" type="ortholog" reaction="rn:R01708"
        link="http://www.kegg.jp/dbget-bin/www_bget?K05275">
        <graphics name="K05275" fgcolor="#000000" bgcolor="#FFFFFF"
             type="rectangle" x="599" y="272" width="46" height="17"/>
    </entry>
    <entry id="93" name="hsa:55163" type="gene" reaction="rn:R01711"
        link="http://www.kegg.jp/dbget-bin/www_bget?hsa:55163">
        <graphics name="PNPO, HEL-S-302, PDXPO" fgcolor="#000000" bgcolor="#BFFFBF"
             type="rectangle" x="623" y="291" width="46" height="17"/>
    </entry>
    <entry id="94" name="ko:K03474" type="ortholog" reaction="rn:R05838"
        link="http://www.kegg.jp/dbget-bin/www_bget?K03474">
        <graphics name="K03474" fgcolor="#000000" bgcolor="#FFFFFF"
             type="rectangle" x="757" y="398" width="46" height="17"/>
    </entry>
    <entry id="96" name="ko:K18613" type="ortholog" reaction="rn:R03461"
        link="http://www.kegg.jp/dbget-bin/www_bget?K18613">
        <graphics name="K18613" fgcolor="#000000" bgcolor="#FFFFFF"
             type="rectangle" x="226" y="213" width="46" height="17"/>
    </entry>
    <entry id="97" name="ko:K18071" type="ortholog" reaction="rn:R03385 rn:R03386"
        link="http://www.kegg.jp/dbget-bin/www_bget?K18071">
        <graphics name="K18071" fgcolor="#000000" bgcolor="#FFFFFF"
             type="rectangle" x="125" y="213" width="46" height="17"/>
    </entry>
    <entry id="98" name="ko:K18614" type="ortholog" reaction="rn:R01649"
        link="http://www.kegg.jp/dbget-bin/www_bget?K18614">
        <graphics name="K18614" fgcolor="#000000" bgcolor="#FFFFFF"
             type="rectangle" x="71" y="179" width="46" height="17"/>
    </entry>
    <entry id="99" name="ko:K18609" type="ortholog" reaction="rn:R01707"
        link="http://www.kegg.jp/dbget-bin/www_bget?K18609">
        <graphics name="K18609" fgcolor="#000000" bgcolor="#FFFFFF"
             type="rectangle" x="541" y="160" width="46" height="17"/>
    </entry>
    <entry id="100" name="ko:K18610" type="ortholog" reaction="rn:R02992"
        link="http://www.kegg.jp/dbget-bin/www_bget?K18610">
        <graphics name="K18610" fgcolor="#000000" bgcolor="#FFFFFF"
             type="rectangle" x="470" y="181" width="46" height="17"/>
    </entry>
    <entry id="102" name="cpd:C00847" type="compound"
        link="http://www.kegg.jp/dbget-bin/www_bget?C00847">
        <graphics name="C00847" fgcolor="#000000" bgcolor="#FFFFFF"
             type="circle" x="470" y="212" width="8" height="8"/>
    </entry>
    <entry id="103" name="cpd:C11638" type="compound"
        link="http://www.kegg.jp/dbget-bin/www_bget?C11638">
        <graphics name="C11638" fgcolor="#000000" bgcolor="#FFFFFF"
             type="circle" x="756" y="438" width="8" height="8"/>
    </entry>
    <entry id="104" name="cpd:C06056" type="compound"
        link="http://www.kegg.jp/dbget-bin/www_bget?C06056">
        <graphics name="C06056" fgcolor="#000000" bgcolor="#FFFFFF"
             type="circle" x="646" y="458" width="8" height="8"/>
    </entry>
    <entry id="105" name="ko:K18611" type="ortholog" reaction="rn:R02993"
        link="http://www.kegg.jp/dbget-bin/www_bget?K18611">
        <graphics name="K18611" fgcolor="#000000" bgcolor="#FFFFFF"
             type="rectangle" x="426" y="213" width="46" height="17"/>
    </entry>
    <entry id="106" name="ko:K18612" type="ortholog" reaction="rn:R04524"
        link="http://www.kegg.jp/dbget-bin/www_bget?K18612">
        <graphics name="K18612" fgcolor="#000000" bgcolor="#FFFFFF"
             type="rectangle" x="327" y="213" width="46" height="17"/>
    </entry>
    <relation entry1="81" entry2="18" type="ECrel">
        <subtype name="compound" value="26"/>
    </relation>
    <relation entry1="82" entry2="18" type="ECrel">
        <subtype name="compound" value="26"/>
    </relation>
    <relation entry1="18" entry2="19" type="ECrel">
        <subtype name="compound" value="26"/>
    </relation>
    <relation entry1="18" entry2="93" type="ECrel">
        <subtype name="compound" value="26"/>
    </relation>
    <relation entry1="81" entry2="19" type="ECrel">
        <subtype name="compound" value="26"/>
    </relation>
    <relation entry1="81" entry2="93" type="ECrel">
        <subtype name="compound" value="26"/>
    </relation>
    <relation entry1="82" entry2="19" type="ECrel">
        <subtype name="compound" value="26"/>
    </relation>
    <relation entry1="82" entry2="93" type="ECrel">
        <subtype name="compound" value="26"/>
    </relation>
    <relation entry1="77" entry2="19" type="ECrel">
        <subtype name="compound" value="27"/>
    </relation>
    <relation entry1="78" entry2="19" type="ECrel">
        <subtype name="compound" value="27"/>
    </relation>
    <relation entry1="76" entry2="78" type="ECrel">
        <subtype name="compound" value="28"/>
    </relation>
    <relation entry1="76" entry2="77" type="ECrel">
        <subtype name="compound" value="28"/>
    </relation>
    <relation entry1="76" entry2="82" type="ECrel">
        <subtype name="compound" value="29"/>
    </relation>
    <relation entry1="76" entry2="81" type="ECrel">
        <subtype name="compound" value="29"/>
    </relation>
    <relation entry1="90" entry2="82" type="ECrel">
        <subtype name="compound" value="29"/>
    </relation>
    <relation entry1="90" entry2="81" type="ECrel">
        <subtype name="compound" value="29"/>
    </relation>
    <relation entry1="90" entry2="80" type="ECrel">
        <subtype name="compound" value="30"/>
    </relation>
    <relation entry1="90" entry2="79" type="ECrel">
        <subtype name="compound" value="30"/>
    </relation>
    <relation entry1="79" entry2="93" type="ECrel">
        <subtype name="compound" value="32"/>
    </relation>
    <relation entry1="80" entry2="93" type="ECrel">
        <subtype name="compound" value="32"/>
    </relation>
    <reaction id="85" name="rn:R05085" type="reversible">
        <substrate id="41" name="cpd:C06055"/>
        <product id="40" name="cpd:C06054"/>
    </reaction>
    <reaction id="90" name="rn:R00278" type="irreversible">
        <substrate id="30" name="cpd:C00627"/>
        <product id="29" name="cpd:C00018"/>
    </reaction>
    <reaction id="76" name="rn:R00277" type="irreversible">
        <substrate id="28" name="cpd:C00647"/>
        <product id="29" name="cpd:C00018"/>
    </reaction>
    <reaction id="79" name="rn:R01911" type="irreversible">
        <substrate id="30" name="cpd:C00627"/>
        <product id="32" name="cpd:C00314"/>
    </reaction>
    <reaction id="80" name="rn:R01909" type="irreversible">
        <substrate id="32" name="cpd:C00314"/>
        <product id="30" name="cpd:C00627"/>
    </reaction>
    <reaction id="81" name="rn:R00173" type="irreversible">
        <substrate id="29" name="cpd:C00018"/>
        <product id="26" name="cpd:C00250"/>
    </reaction>
    <reaction id="82" name="rn:R00174" type="irreversible">
        <substrate id="26" name="cpd:C00250"/>
        <product id="29" name="cpd:C00018"/>
    </reaction>
    <reaction id="77" name="rn:R02494" type="irreversible">
        <substrate id="28" name="cpd:C00647"/>
        <product id="27" name="cpd:C00534"/>
    </reaction>
    <reaction id="78" name="rn:R02493" type="irreversible">
        <substrate id="27" name="cpd:C00534"/>
        <product id="28" name="cpd:C00647"/>
    </reaction>
    <reaction id="18" name="rn:R01709" type="irreversible">
        <substrate id="26" name="cpd:C00250"/>
        <product id="102" name="cpd:C00847"/>
    </reaction>
    <reaction id="19" name="rn:R01710" type="reversible">
        <substrate id="27" name="cpd:C00534"/>
        <product id="26" name="cpd:C00250"/>
    </reaction>
    <reaction id="93" name="rn:R01711" type="reversible">
        <substrate id="32" name="cpd:C00314"/>
        <product id="26" name="cpd:C00250"/>
    </reaction>
</pathway>
