<?xml version="1.0"?>
<!DOCTYPE pathway SYSTEM "http://www.kegg.jp/kegg/xml/KGML_v0.7.2_.dtd">
<!-- Creation date: Mar 30, 2018 15:20:49 +0900 (GMT+9) -->
<pathway name="path:hsa00270" org="hsa" number="00270"
         title="Cysteine and methionine metabolism"
         image="http://www.kegg.jp/kegg/pathway/hsa/hsa00270.png"
         link="http://www.kegg.jp/kegg-bin/show_pathway?hsa00270">
    <entry id="53" name="ko:K10764" type="ortholog" reaction="rn:R01288"
        link="http://www.kegg.jp/dbget-bin/www_bget?K10764">
        <graphics name="K10764" fgcolor="#000000" bgcolor="#FFFFFF"
             type="rectangle" x="920" y="745" width="46" height="17"/>
    </entry>
    <entry id="54" name="cpd:C06547" type="compound"
        link="http://www.kegg.jp/dbget-bin/www_bget?C06547">
        <graphics name="C06547" fgcolor="#000000" bgcolor="#FFFFFF"
             type="circle" x="667" y="1076" width="8" height="8"/>
    </entry>
    <entry id="55" name="cpd:C01234" type="compound"
        link="http://www.kegg.jp/dbget-bin/www_bget?C01234">
        <graphics name="C01234" fgcolor="#000000" bgcolor="#FFFFFF"
             type="circle" x="667" y="1004" width="8" height="8"/>
    </entry>
    <entry id="56" name="ko:K05933" type="ortholog" reaction="rn:R07214"
        link="http://www.kegg.jp/dbget-bin/www_bget?K05933">
        <graphics name="K05933" fgcolor="#000000" bgcolor="#FFFFFF"
             type="rectangle" x="667" y="1036" width="46" height="17"/>
    </entry>
    <entry id="57" name="ko:K20772 ko:K01762" type="ortholog" reaction="rn:R00179"
        link="http://www.kegg.jp/dbget-bin/www_bget?K20772+K01762">
        <graphics name="K20772..." fgcolor="#000000" bgcolor="#FFFFFF"
             type="rectangle" x="667" y="964" width="46" height="17"/>
    </entry>
    <entry id="58" name="ko:K08969" type="ortholog" reaction="rn:R07396"
        link="http://www.kegg.jp/dbget-bin/www_bget?K08969">
        <graphics name="K08969" fgcolor="#000000" bgcolor="#FFFFFF"
             type="rectangle" x="487" y="1066" width="46" height="17"/>
    </entry>
    <entry id="59" name="cpd:C08276" type="compound"
        link="http://www.kegg.jp/dbget-bin/www_bget?C08276">
        <graphics name="C08276" fgcolor="#000000" bgcolor="#FFFFFF"
             type="circle" x="620" y="1075" width="8" height="8"/>
    </entry>
    <entry id="60" name="cpd:C15606" type="compound"
        link="http://www.kegg.jp/dbget-bin/www_bget?C15606">
        <graphics name="C15606" fgcolor="#000000" bgcolor="#FFFFFF"
             type="circle" x="624" y="1162" width="8" height="8"/>
    </entry>
    <entry id="61" name="cpd:C15651" type="compound"
        link="http://www.kegg.jp/dbget-bin/www_bget?C15651">
        <graphics name="C15651" fgcolor="#000000" bgcolor="#FFFFFF"
             type="circle" x="735" y="1162" width="8" height="8"/>
    </entry>
    <entry id="62" name="cpd:C15650" type="compound"
        link="http://www.kegg.jp/dbget-bin/www_bget?C15650">
        <graphics name="C15650" fgcolor="#000000" bgcolor="#FFFFFF"
             type="circle" x="850" y="1162" width="8" height="8"/>
    </entry>
    <entry id="63" name="cpd:C04582" type="compound"
        link="http://www.kegg.jp/dbget-bin/www_bget?C04582">
        <graphics name="C04582" fgcolor="#000000" bgcolor="#FFFFFF"
             type="circle" x="964" y="1162" width="8" height="8"/>
    </entry>
    <entry id="64" name="cpd:C04188" type="compound"
        link="http://www.kegg.jp/dbget-bin/www_bget?C04188">
        <graphics name="C04188" fgcolor="#000000" bgcolor="#FFFFFF"
             type="circle" x="964" y="1090" width="8" height="8"/>
    </entry>
    <entry id="65" name="cpd:C03089" type="compound"
        link="http://www.kegg.jp/dbget-bin/www_bget?C03089">
        <graphics name="C03089" fgcolor="#000000" bgcolor="#FFFFFF"
             type="circle" x="964" y="1026" width="8" height="8"/>
    </entry>
    <entry id="66" name="cpd:C00170" type="compound"
        link="http://www.kegg.jp/dbget-bin/www_bget?C00170">
        <graphics name="C00170" fgcolor="#000000" bgcolor="#FFFFFF"
             type="circle" x="962" y="938" width="8" height="8"/>
    </entry>
    <entry id="67" name="cpd:C01137" type="compound"
        link="http://www.kegg.jp/dbget-bin/www_bget?C01137">
        <graphics name="C01137" fgcolor="#000000" bgcolor="#FFFFFF"
             type="circle" x="850" y="938" width="8" height="8"/>
    </entry>
    <entry id="68" name="ko:K00832 ko:K00838" type="ortholog" reaction="rn:R07396"
        link="http://www.kegg.jp/dbget-bin/www_bget?K00832+K00838">
        <graphics name="K00832..." fgcolor="#000000" bgcolor="#FFFFFF"
             type="rectangle" x="513" y="1047" width="46" height="17"/>
    </entry>
    <entry id="69" name="hsa:6898" type="gene" reaction="rn:R07396"
        link="http://www.kegg.jp/dbget-bin/www_bget?hsa:6898">
        <graphics name="TAT" fgcolor="#000000" bgcolor="#BFFFBF"
             type="rectangle" x="463" y="1047" width="46" height="17"/>
    </entry>
    <entry id="70" name="ko:K08966" type="ortholog" reaction="rn:R07394"
        link="http://www.kegg.jp/dbget-bin/www_bget?K08966">
        <graphics name="K08966" fgcolor="#000000" bgcolor="#FFFFFF"
             type="rectangle" x="686" y="1163" width="46" height="17"/>
    </entry>
    <entry id="71" name="hsa:55256" type="gene" reaction="rn:R07364"
        link="http://www.kegg.jp/dbget-bin/www_bget?hsa:55256">
        <graphics name="ADI1, APL1, ARD, Fe-ARD, HMFT1638, MTCBP1, Ni-ARD, SIPL, mtnD" fgcolor="#000000" bgcolor="#BFFFBF"
             type="rectangle" x="576" y="1163" width="46" height="17"/>
    </entry>
    <entry id="72" name="hsa:55256" type="gene" reaction="rn:R07363"
        link="http://www.kegg.jp/dbget-bin/www_bget?hsa:55256">
        <graphics name="ADI1, APL1, ARD, Fe-ARD, HMFT1638, MTCBP1, Ni-ARD, SIPL, mtnD" fgcolor="#000000" bgcolor="#BFFFBF"
             type="rectangle" x="620" y="1122" width="46" height="17"/>
    </entry>
    <entry id="73" name="ko:K08965" type="ortholog" reaction="rn:R07393"
        link="http://www.kegg.jp/dbget-bin/www_bget?K08965">
        <graphics name="K08965" fgcolor="#000000" bgcolor="#FFFFFF"
             type="rectangle" x="801" y="1163" width="46" height="17"/>
    </entry>
    <entry id="74" name="hsa:51074" type="gene" reaction="rn:R07392"
        link="http://www.kegg.jp/dbget-bin/www_bget?hsa:51074">
        <graphics name="APIP, APIP2, CGI-29, CGI29, MMRP19, hAPIP" fgcolor="#000000" bgcolor="#BFFFBF"
             type="rectangle" x="910" y="1163" width="46" height="17"/>
    </entry>
    <entry id="75" name="hsa:84245" type="gene" reaction="rn:R04420"
        link="http://www.kegg.jp/dbget-bin/www_bget?hsa:84245">
        <graphics name="MRI1, M1Pi, MRDI, MTNA, Ypr118w" fgcolor="#000000" bgcolor="#BFFFBF"
             type="rectangle" x="964" y="1131" width="46" height="17"/>
    </entry>
    <entry id="76" name="ko:K00899" type="ortholog" reaction="rn:R04143"
        link="http://www.kegg.jp/dbget-bin/www_bget?K00899">
        <graphics name="K00899" fgcolor="#000000" bgcolor="#FFFFFF"
             type="rectangle" x="964" y="1055" width="46" height="17"/>
    </entry>
    <entry id="77" name="hsa:4507" type="gene" reaction="rn:R01402"
        link="http://www.kegg.jp/dbget-bin/www_bget?hsa:4507">
        <graphics name="MTAP, BDMF, DMSFH, DMSMFH, HEL-249, LGMBF, MSAP, c86fus" fgcolor="#000000" bgcolor="#BFFFBF"
             type="rectangle" x="1022" y="1026" width="46" height="17"/>
    </entry>
    <entry id="78" name="ko:K01244" type="ortholog" reaction="rn:R01401"
        link="http://www.kegg.jp/dbget-bin/www_bget?K01244">
        <graphics name="K01244" fgcolor="#000000" bgcolor="#FFFFFF"
             type="rectangle" x="989" y="996" width="46" height="17"/>
    </entry>
    <entry id="79" name="ko:K01243 ko:K18284" type="ortholog" reaction="rn:R01401"
        link="http://www.kegg.jp/dbget-bin/www_bget?K01243+K18284">
        <graphics name="K01243..." fgcolor="#000000" bgcolor="#FFFFFF"
             type="rectangle" x="939" y="996" width="46" height="17"/>
    </entry>
    <entry id="80" name="hsa:6723" type="gene" reaction="rn:R01920"
        link="http://www.kegg.jp/dbget-bin/www_bget?hsa:6723">
        <graphics name="SRM, PAPT, SPDSY, SPS1, SRML1" fgcolor="#000000" bgcolor="#BFFFBF"
             type="rectangle" x="910" y="928" width="46" height="17"/>
    </entry>
    <entry id="81" name="hsa:262" type="gene" reaction="rn:R00178"
        link="http://www.kegg.jp/dbget-bin/www_bget?hsa:262">
        <graphics name="AMD1, ADOMETDC, AMD, SAMDC" fgcolor="#000000" bgcolor="#BFFFBF"
             type="rectangle" x="768" y="939" width="46" height="17"/>
    </entry>
    <entry id="82" name="ko:K08968" type="ortholog" reaction="rn:R02025"
        link="http://www.kegg.jp/dbget-bin/www_bget?K08968">
        <graphics name="K08968" fgcolor="#000000" bgcolor="#FFFFFF"
             type="rectangle" x="394" y="907" width="46" height="17"/>
    </entry>
    <entry id="84" name="path:hsa00920" type="map"
        link="http://www.kegg.jp/dbget-bin/www_bget?hsa00920">
        <graphics name="Sulfur metabolism" fgcolor="#000000" bgcolor="#FFFFFF"
             type="roundrectangle" x="369" y="847" width="75" height="34"/>
    </entry>
    <entry id="85" name="hsa:1491" type="gene" reaction="rn:R01001"
        link="http://www.kegg.jp/dbget-bin/www_bget?hsa:1491">
        <graphics name="CTH" fgcolor="#000000" bgcolor="#BFFFBF"
             type="rectangle" x="486" y="514" width="46" height="17"/>
    </entry>
    <entry id="86" name="ko:K01450" type="ortholog" reaction="rn:R00653"
        link="http://www.kegg.jp/dbget-bin/www_bget?K01450">
        <graphics name="K01450" fgcolor="#000000" bgcolor="#FFFFFF"
             type="rectangle" x="394" y="942" width="46" height="17"/>
    </entry>
    <entry id="87" name="hsa:102724560 hsa:875" type="gene" reaction="rn:R01290"
        link="http://www.kegg.jp/dbget-bin/www_bget?hsa:102724560+hsa:875">
        <graphics name="CBSL..." fgcolor="#000000" bgcolor="#BFFFBF"
             type="rectangle" x="423" y="745" width="46" height="17"/>
    </entry>
    <entry id="88" name="hsa:4548" type="gene" reaction="rn:R00946"
        link="http://www.kegg.jp/dbget-bin/www_bget?hsa:4548">
        <graphics name="MTR, HMAG, MS, cblG" fgcolor="#000000" bgcolor="#BFFFBF"
             type="rectangle" x="463" y="869" width="46" height="17"/>
    </entry>
    <entry id="89" name="ko:K01760 ko:K14155" type="ortholog" reaction="rn:R01286"
        link="http://www.kegg.jp/dbget-bin/www_bget?K01760+K14155">
        <graphics name="K01760..." fgcolor="#000000" bgcolor="#FFFFFF"
             type="rectangle" x="488" y="745" width="46" height="17"/>
    </entry>
    <entry id="90" name="ko:K00549" type="ortholog" reaction="rn:R04405"
        link="http://www.kegg.jp/dbget-bin/www_bget?K00549">
        <graphics name="K00549" fgcolor="#000000" bgcolor="#FFFFFF"
             type="rectangle" x="513" y="869" width="46" height="17"/>
    </entry>
    <entry id="91" name="hsa:635" type="gene" reaction="rn:R02821"
        link="http://www.kegg.jp/dbget-bin/www_bget?hsa:635">
        <graphics name="BHMT, BHMT1, HEL-S-61p" fgcolor="#000000" bgcolor="#BFFFBF"
             type="rectangle" x="463" y="850" width="46" height="17"/>
    </entry>
    <entry id="92" name="hsa:27430 hsa:4143 hsa:4144" type="gene" reaction="rn:R00177"
        link="http://www.kegg.jp/dbget-bin/www_bget?hsa:27430+hsa:4143+hsa:4144">
        <graphics name="MAT2B, MAT-II, MATIIbeta, Nbla02999, SDR23E1, TGR..." fgcolor="#000000" bgcolor="#BFFFBF"
             type="rectangle" x="587" y="939" width="46" height="17"/>
    </entry>
    <entry id="93" name="hsa:10768 hsa:191 hsa:23382" type="gene" reaction="rn:R00192"
        link="http://www.kegg.jp/dbget-bin/www_bget?hsa:10768+hsa:191+hsa:23382">
        <graphics name="AHCYL1, DCAL, IRBIT, PPP1R78, PRO0233, XPVKONA..." fgcolor="#000000" bgcolor="#BFFFBF"
             type="rectangle" x="665" y="824" width="46" height="17"/>
    </entry>
    <entry id="94" name="hsa:1786 hsa:1788 hsa:1789" type="gene" reaction="rn:R04858"
        link="http://www.kegg.jp/dbget-bin/www_bget?hsa:1786+hsa:1788+hsa:1789">
        <graphics name="DNMT1, ADCADN, AIM, CXXC9, DNMT, HSN1E, MCMT, m.HsaI..." fgcolor="#000000" bgcolor="#BFFFBF"
             type="rectangle" x="640" y="892" width="46" height="17"/>
    </entry>
    <entry id="95" name="path:hsa00270" type="map"
        link="http://www.kegg.jp/dbget-bin/www_bget?hsa00270">
        <graphics name="TITLE:Cysteine and methionine metabolism" fgcolor="#000000" bgcolor="#FFFFFF"
             type="roundrectangle" x="199" y="58" width="318" height="25"/>
    </entry>
    <entry id="97" name="hsa:259307" type="gene" reaction="rn:R00648"
        link="http://www.kegg.jp/dbget-bin/www_bget?hsa:259307">
        <graphics name="IL4I1, FIG1, LAAO, LAO" fgcolor="#000000" bgcolor="#BFFFBF"
             type="rectangle" x="546" y="1072" width="46" height="17"/>
    </entry>
    <entry id="98" name="hsa:23743" type="gene" reaction="rn:R00650"
        link="http://www.kegg.jp/dbget-bin/www_bget?hsa:23743">
        <graphics name="BHMT2" fgcolor="#000000" bgcolor="#BFFFBF"
             type="rectangle" x="513" y="850" width="46" height="17"/>
    </entry>
    <entry id="99" name="ko:K07173" type="ortholog" reaction="rn:R01291"
        link="http://www.kegg.jp/dbget-bin/www_bget?K07173">
        <graphics name="K07173" fgcolor="#000000" bgcolor="#FFFFFF"
             type="rectangle" x="804" y="820" width="46" height="17"/>
    </entry>
    <entry id="100" name="ko:K01243 ko:K18284" type="ortholog" reaction="rn:R00194"
        link="http://www.kegg.jp/dbget-bin/www_bget?K01243+K18284">
        <graphics name="K01243..." fgcolor="#000000" bgcolor="#FFFFFF"
             type="rectangle" x="736" y="859" width="46" height="17"/>
    </entry>
    <entry id="101" name="ko:K01739" type="ortholog" reaction="rn:R01288"
        link="http://www.kegg.jp/dbget-bin/www_bget?K01739">
        <graphics name="K01739" fgcolor="#000000" bgcolor="#FFFFFF"
             type="rectangle" x="870" y="745" width="46" height="17"/>
    </entry>
    <entry id="102" name="cpd:C01817" type="compound"
        link="http://www.kegg.jp/dbget-bin/www_bget?C01817">
        <graphics name="C01817" fgcolor="#000000" bgcolor="#FFFFFF"
             type="circle" x="294" y="854" width="8" height="8"/>
    </entry>
    <entry id="103" name="cpd:C03145" type="compound"
        link="http://www.kegg.jp/dbget-bin/www_bget?C03145">
        <graphics name="C03145" fgcolor="#000000" bgcolor="#FFFFFF"
             type="circle" x="294" y="941" width="8" height="8"/>
    </entry>
    <entry id="104" name="cpd:C00109" type="compound"
        link="http://www.kegg.jp/dbget-bin/www_bget?C00109">
        <graphics name="C00109" fgcolor="#000000" bgcolor="#FFFFFF"
             type="circle" x="779" y="488" width="8" height="8"/>
    </entry>
    <entry id="105" name="cpd:C00065" type="compound"
        link="http://www.kegg.jp/dbget-bin/www_bget?C00065">
        <graphics name="C00065" fgcolor="#000000" bgcolor="#FFFFFF"
             type="circle" x="392" y="776" width="8" height="8"/>
    </entry>
    <entry id="106" name="cpd:C00155" type="compound"
        link="http://www.kegg.jp/dbget-bin/www_bget?C00155">
        <graphics name="C00155" fgcolor="#000000" bgcolor="#FFFFFF"
             type="circle" x="488" y="799" width="8" height="8"/>
    </entry>
    <entry id="107" name="cpd:C00073" type="compound"
        link="http://www.kegg.jp/dbget-bin/www_bget?C00073">
        <graphics name="C00073" fgcolor="#000000" bgcolor="#FFFFFF"
             type="circle" x="488" y="939" width="8" height="8"/>
    </entry>
    <entry id="108" name="cpd:C02291" type="compound"
        link="http://www.kegg.jp/dbget-bin/www_bget?C02291">
        <graphics name="C02291" fgcolor="#000000" bgcolor="#FFFFFF"
             type="circle" x="488" y="698" width="8" height="8"/>
    </entry>
    <entry id="109" name="cpd:C00021" type="compound"
        link="http://www.kegg.jp/dbget-bin/www_bget?C00021">
        <graphics name="C00021" fgcolor="#000000" bgcolor="#FFFFFF"
             type="circle" x="665" y="858" width="8" height="8"/>
    </entry>
    <entry id="110" name="cpd:C00019" type="compound"
        link="http://www.kegg.jp/dbget-bin/www_bget?C00019">
        <graphics name="C00019" fgcolor="#000000" bgcolor="#FFFFFF"
             type="circle" x="667" y="938" width="8" height="8"/>
    </entry>
    <entry id="111" name="cpd:C02989" type="compound"
        link="http://www.kegg.jp/dbget-bin/www_bget?C02989">
        <graphics name="C02989" fgcolor="#000000" bgcolor="#FFFFFF"
             type="circle" x="294" y="896" width="8" height="8"/>
    </entry>
    <entry id="112" name="cpd:C01180" type="compound"
        link="http://www.kegg.jp/dbget-bin/www_bget?C01180">
        <graphics name="C01180" fgcolor="#000000" bgcolor="#FFFFFF"
             type="circle" x="488" y="1162" width="8" height="8"/>
    </entry>
    <entry id="113" name="cpd:C03539" type="compound"
        link="http://www.kegg.jp/dbget-bin/www_bget?C03539">
        <graphics name="C03539" fgcolor="#000000" bgcolor="#FFFFFF"
             type="circle" x="804" y="858" width="8" height="8"/>
    </entry>
    <entry id="117" name="cpd:C00409" type="compound"
        link="http://www.kegg.jp/dbget-bin/www_bget?C00409">
        <graphics name="C00409" fgcolor="#000000" bgcolor="#FFFFFF"
             type="circle" x="389" y="1017" width="8" height="8"/>
    </entry>
    <entry id="118" name="ko:K01761" type="ortholog" reaction="rn:R00654"
        link="http://www.kegg.jp/dbget-bin/www_bget?K01761">
        <graphics name="K01761" fgcolor="#000000" bgcolor="#FFFFFF"
             type="rectangle" x="442" y="1018" width="46" height="17"/>
    </entry>
    <entry id="120" name="hsa:58478" type="gene" reaction="rn:R07395"
        link="http://www.kegg.jp/dbget-bin/www_bget?hsa:58478">
        <graphics name="ENOPH1, E1, MASA, MST145, mtnC" fgcolor="#000000" bgcolor="#BFFFBF"
             type="rectangle" x="738" y="1135" width="46" height="17"/>
    </entry>
    <entry id="121" name="cpd:C00065" type="compound"
        link="http://www.kegg.jp/dbget-bin/www_bget?C00065">
        <graphics name="C00065" fgcolor="#000000" bgcolor="#FFFFFF"
             type="circle" x="487" y="133" width="8" height="8"/>
    </entry>
    <entry id="123" name="ko:K01738 ko:K12339 ko:K13034 ko:K17069" type="ortholog" reaction="rn:R00897"
        link="http://www.kegg.jp/dbget-bin/www_bget?K01738+K12339+K13034+K17069">
        <graphics name="K01738..." fgcolor="#000000" bgcolor="#FFFFFF"
             type="rectangle" x="462" y="259" width="46" height="17"/>
    </entry>
    <entry id="124" name="ko:K00640" type="ortholog" reaction="rn:R00586"
        link="http://www.kegg.jp/dbget-bin/www_bget?K00640">
        <graphics name="K00640" fgcolor="#000000" bgcolor="#FFFFFF"
             type="rectangle" x="487" y="174" width="46" height="17"/>
    </entry>
    <entry id="125" name="cpd:C00979" type="compound"
        link="http://www.kegg.jp/dbget-bin/www_bget?C00979">
        <graphics name="C00979" fgcolor="#000000" bgcolor="#FFFFFF"
             type="circle" x="487" y="212" width="8" height="8"/>
    </entry>
    <entry id="127" name="cpd:C00097" type="compound"
        link="http://www.kegg.jp/dbget-bin/www_bget?C00097">
        <graphics name="C00097" fgcolor="#000000" bgcolor="#FFFFFF"
             type="circle" x="487" y="384" width="8" height="8"/>
    </entry>
    <entry id="128" name="ko:K10150" type="ortholog" reaction="rn:R00897"
        link="http://www.kegg.jp/dbget-bin/www_bget?K10150">
        <graphics name="K10150" fgcolor="#000000" bgcolor="#FFFFFF"
             type="rectangle" x="512" y="259" width="46" height="17"/>
    </entry>
    <entry id="130" name="cpd:C00283" type="compound"
        link="http://www.kegg.jp/dbget-bin/www_bget?C00283">
        <graphics name="C00283" fgcolor="#000000" bgcolor="#FFFFFF"
             type="circle" x="449" y="234" width="8" height="8"/>
    </entry>
    <entry id="131" name="ko:K12339" type="ortholog" reaction="rn:R03132"
        link="http://www.kegg.jp/dbget-bin/www_bget?K12339">
        <graphics name="K12339" fgcolor="#000000" bgcolor="#FFFFFF"
             type="rectangle" x="402" y="213" width="46" height="17"/>
    </entry>
    <entry id="132" name="cpd:C05824" type="compound"
        link="http://www.kegg.jp/dbget-bin/www_bget?C05824">
        <graphics name="C05824" fgcolor="#000000" bgcolor="#FFFFFF"
             type="circle" x="300" y="212" width="8" height="8"/>
    </entry>
    <entry id="135" name="cpd:C05526" type="compound"
        link="http://www.kegg.jp/dbget-bin/www_bget?C05526">
        <graphics name="C05526" fgcolor="#000000" bgcolor="#FFFFFF"
             type="circle" x="374" y="345" width="8" height="8"/>
    </entry>
    <entry id="136" name="cpd:C00059" type="compound"
        link="http://www.kegg.jp/dbget-bin/www_bget?C00059">
        <graphics name="C00059" fgcolor="#000000" bgcolor="#FFFFFF"
             type="circle" x="267" y="334" width="8" height="8"/>
    </entry>
    <entry id="137" name="cpd:C00051" type="compound"
        link="http://www.kegg.jp/dbget-bin/www_bget?C00051">
        <graphics name="C00051" fgcolor="#000000" bgcolor="#FFFFFF"
             type="circle" x="374" y="299" width="8" height="8"/>
    </entry>
    <entry id="141" name="hsa:10993 hsa:113675" type="gene" reaction="rn:R00590"
        link="http://www.kegg.jp/dbget-bin/www_bget?hsa:10993+hsa:113675">
        <graphics name="SDS, SDH..." fgcolor="#000000" bgcolor="#BFFFBF"
             type="rectangle" x="606" y="134" width="46" height="17"/>
    </entry>
    <entry id="142" name="cpd:C02218" type="compound"
        link="http://www.kegg.jp/dbget-bin/www_bget?C02218">
        <graphics name="C02218" fgcolor="#000000" bgcolor="#FFFFFF"
             type="circle" x="710" y="133" width="8" height="8"/>
    </entry>
    <entry id="144" name="cpd:C00506" type="compound"
        link="http://www.kegg.jp/dbget-bin/www_bget?C00506">
        <graphics name="C00506" fgcolor="#000000" bgcolor="#FFFFFF"
             type="circle" x="715" y="387" width="8" height="8"/>
    </entry>
    <entry id="145" name="path:hsa00430" type="map"
        link="http://www.kegg.jp/dbget-bin/www_bget?hsa00430">
        <graphics name="Taurine and hypotaurine metabolism" fgcolor="#000000" bgcolor="#FFFFFF"
             type="roundrectangle" x="824" y="272" width="134" height="34"/>
    </entry>
    <entry id="147" name="ko:K10150" type="ortholog" reaction="rn:R07274"
        link="http://www.kegg.jp/dbget-bin/www_bget?K10150">
        <graphics name="K10150" fgcolor="#000000" bgcolor="#FFFFFF"
             type="rectangle" x="627" y="259" width="46" height="17"/>
    </entry>
    <entry id="149" name="hsa:2805 hsa:2806" type="gene" reaction="rn:R02433"
        link="http://www.kegg.jp/dbget-bin/www_bget?hsa:2805+hsa:2806">
        <graphics name="GOT1, AST1, ASTQTL1, GIG18, cAspAT, cCAT..." fgcolor="#000000" bgcolor="#BFFFBF"
             type="rectangle" x="761" y="388" width="46" height="17"/>
    </entry>
    <entry id="150" name="cpd:C05528" type="compound"
        link="http://www.kegg.jp/dbget-bin/www_bget?C05528">
        <graphics name="C05528" fgcolor="#000000" bgcolor="#FFFFFF"
             type="circle" x="810" y="387" width="8" height="8"/>
    </entry>
    <entry id="151" name="cpd:C11537" type="compound"
        link="http://www.kegg.jp/dbget-bin/www_bget?C11537">
        <graphics name="C11537" fgcolor="#000000" bgcolor="#FFFFFF"
             type="circle" x="905" y="387" width="8" height="8"/>
    </entry>
    <entry id="153" name="ko:K16845 ko:K16846" type="ortholog" reaction="rn:R07633"
        link="http://www.kegg.jp/dbget-bin/www_bget?K16845+K16846">
        <graphics name="K16845..." fgcolor="#000000" bgcolor="#FFFFFF"
             type="rectangle" x="945" y="388" width="46" height="17"/>
    </entry>
    <entry id="154" name="cpd:C00022" type="compound"
        link="http://www.kegg.jp/dbget-bin/www_bget?C00022">
        <graphics name="C00022" fgcolor="#000000" bgcolor="#FFFFFF"
             type="circle" x="1002" y="387" width="8" height="8"/>
    </entry>
    <entry id="155" name="path:hsa00620" type="map"
        link="http://www.kegg.jp/dbget-bin/www_bget?hsa00620">
        <graphics name="Pyruvate metabolism" fgcolor="#000000" bgcolor="#FFFFFF"
             type="roundrectangle" x="1083" y="387" width="76" height="34"/>
    </entry>
    <entry id="156" name="cpd:C11481" type="compound"
        link="http://www.kegg.jp/dbget-bin/www_bget?C11481">
        <graphics name="C11481" fgcolor="#000000" bgcolor="#FFFFFF"
             type="circle" x="981" y="347" width="8" height="8"/>
    </entry>
    <entry id="158" name="ko:K17950" type="ortholog" reaction="rn:R07634"
        link="http://www.kegg.jp/dbget-bin/www_bget?K17950">
        <graphics name="K17950" fgcolor="#000000" bgcolor="#FFFFFF"
             type="rectangle" x="856" y="305" width="46" height="17"/>
    </entry>
    <entry id="162" name="cpd:C00491" type="compound"
        link="http://www.kegg.jp/dbget-bin/www_bget?C00491">
        <graphics name="C00491" fgcolor="#000000" bgcolor="#FFFFFF"
             type="circle" x="209" y="303" width="8" height="8"/>
    </entry>
    <entry id="168" name="cpd:C01962" type="compound"
        link="http://www.kegg.jp/dbget-bin/www_bget?C01962">
        <graphics name="C01962" fgcolor="#000000" bgcolor="#FFFFFF"
             type="circle" x="137" y="228" width="8" height="8"/>
    </entry>
    <entry id="169" name="ko:K01760 ko:K14155" type="ortholog" reaction="rn:R02408"
        link="http://www.kegg.jp/dbget-bin/www_bget?K01760+K14155">
        <graphics name="K01760..." fgcolor="#000000" bgcolor="#FFFFFF"
             type="rectangle" x="112" y="258" width="46" height="17"/>
    </entry>
    <entry id="170" name="hsa:1491" type="gene" reaction="rn:R02408"
        link="http://www.kegg.jp/dbget-bin/www_bget?hsa:1491">
        <graphics name="CTH" fgcolor="#000000" bgcolor="#BFFFBF"
             type="rectangle" x="162" y="258" width="46" height="17"/>
    </entry>
    <entry id="171" name="path:hsa00260" type="map"
        link="http://www.kegg.jp/dbget-bin/www_bget?hsa00260">
        <graphics name="Glycine, serine and threonine metabolism" fgcolor="#000000" bgcolor="#FFFFFF"
             type="roundrectangle" x="333" y="133" width="157" height="34"/>
    </entry>
    <entry id="173" name="hsa:1036" type="gene" reaction="rn:R00893"
        link="http://www.kegg.jp/dbget-bin/www_bget?hsa:1036">
        <graphics name="CDO1, CDO-I" fgcolor="#000000" bgcolor="#BFFFBF"
             type="rectangle" x="369" y="445" width="46" height="17"/>
    </entry>
    <entry id="174" name="cpd:C00606" type="compound"
        link="http://www.kegg.jp/dbget-bin/www_bget?C00606">
        <graphics name="C00606" fgcolor="#000000" bgcolor="#FFFFFF"
             type="circle" x="368" y="543" width="8" height="8"/>
    </entry>
    <entry id="176" name="hsa:2805 hsa:2806" type="gene" reaction="rn:R02619"
        link="http://www.kegg.jp/dbget-bin/www_bget?hsa:2805+hsa:2806">
        <graphics name="GOT1, AST1, ASTQTL1, GIG18, cAspAT, cCAT..." fgcolor="#000000" bgcolor="#BFFFBF"
             type="rectangle" x="329" y="533" width="46" height="17"/>
    </entry>
    <entry id="178" name="cpd:C05527" type="compound"
        link="http://www.kegg.jp/dbget-bin/www_bget?C05527">
        <graphics name="C05527" fgcolor="#000000" bgcolor="#FFFFFF"
             type="circle" x="274" y="543" width="8" height="8"/>
    </entry>
    <entry id="179" name="cpd:C00022" type="compound"
        link="http://www.kegg.jp/dbget-bin/www_bget?C00022">
        <graphics name="C00022" fgcolor="#000000" bgcolor="#FFFFFF"
             type="circle" x="191" y="543" width="8" height="8"/>
    </entry>
    <entry id="182" name="cpd:C00793" type="compound"
        link="http://www.kegg.jp/dbget-bin/www_bget?C00793">
        <graphics name="C00793" fgcolor="#000000" bgcolor="#FFFFFF"
             type="circle" x="316" y="488" width="8" height="8"/>
    </entry>
    <entry id="183" name="ko:K05396" type="ortholog" reaction="rn:R01874"
        link="http://www.kegg.jp/dbget-bin/www_bget?K05396">
        <graphics name="K05396" fgcolor="#000000" bgcolor="#FFFFFF"
             type="rectangle" x="262" y="489" width="46" height="17"/>
    </entry>
    <entry id="185" name="ko:K01760 ko:K14155" type="ortholog" reaction="rn:R00782"
        link="http://www.kegg.jp/dbget-bin/www_bget?K01760+K14155">
        <graphics name="K01760..." fgcolor="#000000" bgcolor="#FFFFFF"
             type="rectangle" x="163" y="445" width="46" height="17"/>
    </entry>
    <entry id="186" name="hsa:1491" type="gene" reaction="rn:R00782"
        link="http://www.kegg.jp/dbget-bin/www_bget?hsa:1491">
        <graphics name="CTH" fgcolor="#000000" bgcolor="#BFFFBF"
             type="rectangle" x="213" y="445" width="46" height="17"/>
    </entry>
    <entry id="188" name="cpd:C00957" type="compound"
        link="http://www.kegg.jp/dbget-bin/www_bget?C00957">
        <graphics name="C00957" fgcolor="#000000" bgcolor="#FFFFFF"
             type="circle" x="87" y="543" width="8" height="8"/>
    </entry>
    <entry id="189" name="hsa:4357 hsa:7263" type="gene" reaction="rn:R03105"
        link="http://www.kegg.jp/dbget-bin/www_bget?hsa:4357+hsa:7263">
        <graphics name="MPST, MST, TST2, TUM1..." fgcolor="#000000" bgcolor="#BFFFBF"
             type="rectangle" x="134" y="544" width="46" height="17"/>
    </entry>
    <entry id="190" name="hsa:2805 hsa:2806" type="gene" reaction="rn:R00896"
        link="http://www.kegg.jp/dbget-bin/www_bget?hsa:2805+hsa:2806">
        <graphics name="GOT1, AST1, ASTQTL1, GIG18, cAspAT, cCAT..." fgcolor="#000000" bgcolor="#BFFFBF"
             type="rectangle" x="62" y="445" width="46" height="17"/>
    </entry>
    <entry id="193" name="hsa:160287 hsa:3939 hsa:3945 hsa:3948 hsa:92483" type="gene" reaction="rn:R03104"
        link="http://www.kegg.jp/dbget-bin/www_bget?hsa:160287+hsa:3939+hsa:3945+hsa:3948+hsa:92483">
        <graphics name="LDHAL6A, LDH6A..." fgcolor="#000000" bgcolor="#BFFFBF"
             type="rectangle" x="87" y="588" width="46" height="17"/>
    </entry>
    <entry id="194" name="cpd:C05823" type="compound"
        link="http://www.kegg.jp/dbget-bin/www_bget?C05823">
        <graphics name="C05823" fgcolor="#000000" bgcolor="#FFFFFF"
             type="circle" x="87" y="643" width="8" height="8"/>
    </entry>
    <entry id="195" name="path:hsa00430" type="map"
        link="http://www.kegg.jp/dbget-bin/www_bget?hsa00430">
        <graphics name="Taurine and hypotaurine metabolism" fgcolor="#000000" bgcolor="#FFFFFF"
             type="roundrectangle" x="368" y="637" width="134" height="34"/>
    </entry>
    <entry id="196" name="cpd:C00263" type="compound"
        link="http://www.kegg.jp/dbget-bin/www_bget?C00263">
        <graphics name="C00263" fgcolor="#000000" bgcolor="#FFFFFF"
             type="circle" x="779" y="636" width="8" height="8"/>
    </entry>
    <entry id="197" name="ko:K00641" type="ortholog" reaction="rn:R01776"
        link="http://www.kegg.jp/dbget-bin/www_bget?K00641">
        <graphics name="K00641" fgcolor="#000000" bgcolor="#FFFFFF"
             type="rectangle" x="779" y="667" width="46" height="17"/>
    </entry>
    <entry id="198" name="ko:K00651" type="ortholog" reaction="rn:R01777"
        link="http://www.kegg.jp/dbget-bin/www_bget?K00651">
        <graphics name="K00651" fgcolor="#000000" bgcolor="#FFFFFF"
             type="rectangle" x="780" y="611" width="46" height="17"/>
    </entry>
    <entry id="199" name="cpd:C01118" type="compound"
        link="http://www.kegg.jp/dbget-bin/www_bget?C01118">
        <graphics name="C01118" fgcolor="#000000" bgcolor="#FFFFFF"
             type="circle" x="779" y="574" width="8" height="8"/>
    </entry>
    <entry id="200" name="cpd:C01077" type="compound"
        link="http://www.kegg.jp/dbget-bin/www_bget?C01077">
        <graphics name="C01077" fgcolor="#000000" bgcolor="#FFFFFF"
             type="circle" x="779" y="698" width="8" height="8"/>
    </entry>
    <entry id="202" name="ko:K01739" type="ortholog" reaction="rn:R03260"
        link="http://www.kegg.jp/dbget-bin/www_bget?K01739">
        <graphics name="K01739" fgcolor="#000000" bgcolor="#FFFFFF"
             type="rectangle" x="667" y="575" width="46" height="17"/>
    </entry>
    <entry id="203" name="ko:K01739" type="ortholog" reaction="rn:R03217"
        link="http://www.kegg.jp/dbget-bin/www_bget?K01739">
        <graphics name="K01739" fgcolor="#000000" bgcolor="#FFFFFF"
             type="rectangle" x="667" y="699" width="46" height="17"/>
    </entry>
    <entry id="204" name="ko:K01739" type="ortholog" reaction="rn:R02026"
        link="http://www.kegg.jp/dbget-bin/www_bget?K01739">
        <graphics name="K01739" fgcolor="#000000" bgcolor="#FFFFFF"
             type="rectangle" x="754" y="745" width="46" height="17"/>
    </entry>
    <entry id="205" name="ko:K01740" type="ortholog" reaction="rn:R01287 rn:R02026"
        link="http://www.kegg.jp/dbget-bin/www_bget?K01740">
        <graphics name="K01740" fgcolor="#000000" bgcolor="#FFFFFF"
             type="rectangle" x="804" y="745" width="46" height="17"/>
    </entry>
    <entry id="207" name="ko:K01739" type="ortholog" reaction="rn:R00999"
        link="http://www.kegg.jp/dbget-bin/www_bget?K01739">
        <graphics name="K01739" fgcolor="#000000" bgcolor="#FFFFFF"
             type="rectangle" x="779" y="539" width="46" height="17"/>
    </entry>
    <entry id="208" name="path:hsa00770" type="map"
        link="http://www.kegg.jp/dbget-bin/www_bget?hsa00770">
        <graphics name="Pantothenate and CoA biosynthesis" fgcolor="#000000" bgcolor="#FFFFFF"
             type="roundrectangle" x="566" y="316" width="108" height="34"/>
    </entry>
    <entry id="209" name="path:hsa00480" type="map"
        link="http://www.kegg.jp/dbget-bin/www_bget?hsa00480">
        <graphics name="Glutathione metabolism" fgcolor="#000000" bgcolor="#FFFFFF"
             type="roundrectangle" x="601" y="415" width="130" height="25"/>
    </entry>
    <entry id="210" name="path:hsa00260" type="map"
        link="http://www.kegg.jp/dbget-bin/www_bget?hsa00260">
        <graphics name="Glycine, serine and threonine metabolism" fgcolor="#000000" bgcolor="#FFFFFF"
             type="roundrectangle" x="265" y="775" width="157" height="34"/>
    </entry>
    <entry id="212" name="ko:K00003 ko:K12524 ko:K12525" type="ortholog" reaction="rn:R01773 rn:R01775"
        link="http://www.kegg.jp/dbget-bin/www_bget?K00003+K12524+K12525">
        <graphics name="K00003..." fgcolor="#000000" bgcolor="#FFFFFF"
             type="rectangle" x="735" y="637" width="46" height="17"/>
    </entry>
    <entry id="213" name="cpd:C00441" type="compound"
        link="http://www.kegg.jp/dbget-bin/www_bget?C00441">
        <graphics name="C00441" fgcolor="#000000" bgcolor="#FFFFFF"
             type="circle" x="689" y="636" width="8" height="8"/>
    </entry>
    <entry id="215" name="ko:K00133" type="ortholog" reaction="rn:R02291"
        link="http://www.kegg.jp/dbget-bin/www_bget?K00133">
        <graphics name="K00133" fgcolor="#000000" bgcolor="#FFFFFF"
             type="rectangle" x="641" y="637" width="46" height="17"/>
    </entry>
    <entry id="216" name="cpd:C03082" type="compound"
        link="http://www.kegg.jp/dbget-bin/www_bget?C03082">
        <graphics name="C03082" fgcolor="#000000" bgcolor="#FFFFFF"
             type="circle" x="604" y="636" width="8" height="8"/>
    </entry>
    <entry id="218" name="ko:K00928 ko:K12524 ko:K12525 ko:K12526" type="ortholog" reaction="rn:R00480"
        link="http://www.kegg.jp/dbget-bin/www_bget?K00928+K12524+K12525+K12526">
        <graphics name="K00928..." fgcolor="#000000" bgcolor="#FFFFFF"
             type="rectangle" x="557" y="637" width="46" height="17"/>
    </entry>
    <entry id="219" name="cpd:C00049" type="compound"
        link="http://www.kegg.jp/dbget-bin/www_bget?C00049">
        <graphics name="C00049" fgcolor="#000000" bgcolor="#FFFFFF"
             type="circle" x="517" y="636" width="8" height="8"/>
    </entry>
    <entry id="220" name="path:hsa00250" type="map"
        link="http://www.kegg.jp/dbget-bin/www_bget?hsa00250">
        <graphics name="Alanine, aspartate and glutamate metabolism" fgcolor="#000000" bgcolor="#FFFFFF"
             type="roundrectangle" x="609" y="604" width="123" height="25"/>
    </entry>
    <entry id="223" name="cpd:C05524" type="compound"
        link="http://www.kegg.jp/dbget-bin/www_bget?C05524">
        <graphics name="C05524" fgcolor="#000000" bgcolor="#FFFFFF"
             type="circle" x="389" y="980" width="8" height="8"/>
    </entry>
    <entry id="224" name="cpd:C09306" type="compound"
        link="http://www.kegg.jp/dbget-bin/www_bget?C09306">
        <graphics name="C09306" fgcolor="#000000" bgcolor="#FFFFFF"
             type="circle" x="463" y="543" width="8" height="8"/>
    </entry>
    <entry id="225" name="ko:K09758" type="ortholog" reaction="rn:R00863"
        link="http://www.kegg.jp/dbget-bin/www_bget?K09758">
        <graphics name="K09758" fgcolor="#000000" bgcolor="#FFFFFF"
             type="rectangle" x="409" y="544" width="46" height="17"/>
    </entry>
    <entry id="226" name="cpd:C00041" type="compound"
        link="http://www.kegg.jp/dbget-bin/www_bget?C00041">
        <graphics name="C00041" fgcolor="#000000" bgcolor="#FFFFFF"
             type="circle" x="440" y="583" width="8" height="8"/>
    </entry>
    <entry id="228" name="cpd:C00094" type="compound"
        link="http://www.kegg.jp/dbget-bin/www_bget?C00094">
        <graphics name="C00094" fgcolor="#000000" bgcolor="#FFFFFF"
             type="circle" x="239" y="591" width="8" height="8"/>
    </entry>
    <entry id="229" name="path:hsa00920" type="map"
        link="http://www.kegg.jp/dbget-bin/www_bget?hsa00920">
        <graphics name="Sulfur metabolism" fgcolor="#000000" bgcolor="#FFFFFF"
             type="roundrectangle" x="239" y="642" width="108" height="25"/>
    </entry>
    <entry id="230" name="hsa:6611" type="gene" reaction="rn:R02869"
        link="http://www.kegg.jp/dbget-bin/www_bget?hsa:6611">
        <graphics name="SMS, MRSR, SPMSY, SRS, SpS" fgcolor="#000000" bgcolor="#BFFFBF"
             type="rectangle" x="910" y="949" width="46" height="17"/>
    </entry>
    <entry id="231" name="path:hsa00640" type="map"
        link="http://www.kegg.jp/dbget-bin/www_bget?hsa00640">
        <graphics name="Propanoate metabolism" fgcolor="#000000" bgcolor="#FFFFFF"
             type="roundrectangle" x="600" y="525" width="128" height="25"/>
    </entry>
    <entry id="232" name="cpd:C01005" type="compound"
        link="http://www.kegg.jp/dbget-bin/www_bget?C01005">
        <graphics name="C01005" fgcolor="#000000" bgcolor="#FFFFFF"
             type="circle" x="627" y="202" width="8" height="8"/>
    </entry>
    <entry id="234" name="ko:K16843" type="ortholog" reaction="rn:R05693"
        link="http://www.kegg.jp/dbget-bin/www_bget?K16843">
        <graphics name="K16843" fgcolor="#000000" bgcolor="#FFFFFF"
             type="rectangle" x="856" y="348" width="46" height="17"/>
    </entry>
    <entry id="235" name="cpd:C11499" type="compound"
        link="http://www.kegg.jp/dbget-bin/www_bget?C11499">
        <graphics name="C11499" fgcolor="#000000" bgcolor="#FFFFFF"
             type="circle" x="905" y="347" width="8" height="8"/>
    </entry>
    <entry id="236" name="ko:K16844" type="ortholog" reaction="rn:R07137"
        link="http://www.kegg.jp/dbget-bin/www_bget?K16844">
        <graphics name="K16844" fgcolor="#000000" bgcolor="#FFFFFF"
             type="rectangle" x="856" y="398" width="46" height="17"/>
    </entry>
    <entry id="237" name="ko:K17216" type="ortholog" reaction="rn:R10305"
        link="http://www.kegg.jp/dbget-bin/www_bget?K17216">
        <graphics name="K17216" fgcolor="#000000" bgcolor="#FFFFFF"
             type="rectangle" x="555" y="745" width="46" height="17"/>
    </entry>
    <entry id="238" name="ko:K17462" type="ortholog" reaction="rn:R10404"
        link="http://www.kegg.jp/dbget-bin/www_bget?K17462">
        <graphics name="K17462" fgcolor="#000000" bgcolor="#FFFFFF"
             type="rectangle" x="690" y="892" width="46" height="17"/>
    </entry>
    <entry id="240" name="hsa:4190 hsa:4191" type="gene" reaction="rn:R07136"
        link="http://www.kegg.jp/dbget-bin/www_bget?hsa:4190+hsa:4191">
        <graphics name="MDH1, HEL-S-32, MDH-s, MDHA, MGC:1375, MOR2..." fgcolor="#000000" bgcolor="#BFFFBF"
             type="rectangle" x="856" y="377" width="46" height="17"/>
    </entry>
    <entry id="241" name="ko:K01505" type="ortholog" reaction="rn:R00997"
        link="http://www.kegg.jp/dbget-bin/www_bget?K01505">
        <graphics name="K01505" fgcolor="#000000" bgcolor="#FFFFFF"
             type="rectangle" x="709" y="1005" width="46" height="17"/>
    </entry>
    <entry id="242" name="cpd:C00109" type="compound"
        link="http://www.kegg.jp/dbget-bin/www_bget?C00109">
        <graphics name="C00109" fgcolor="#000000" bgcolor="#FFFFFF"
             type="circle" x="757" y="1004" width="8" height="8"/>
    </entry>
    <entry id="243" name="path:hsa00640" type="map"
        link="http://www.kegg.jp/dbget-bin/www_bget?hsa00640">
        <graphics name="Propanoate metabolism" fgcolor="#000000" bgcolor="#FFFFFF"
             type="roundrectangle" x="844" y="1005" width="75" height="34"/>
    </entry>
    <entry id="245" name="cpd:C02356" type="compound"
        link="http://www.kegg.jp/dbget-bin/www_bget?C02356">
        <graphics name="C02356" fgcolor="#000000" bgcolor="#FFFFFF"
             type="circle" x="886" y="488" width="8" height="8"/>
    </entry>
    <entry id="246" name="hsa:586 hsa:587" type="gene" reaction="rn:R10991"
        link="http://www.kegg.jp/dbget-bin/www_bget?hsa:586+hsa:587">
        <graphics name="BCAT1, BCATC, BCT1, ECA39, MECA39, PNAS121, PP18..." fgcolor="#000000" bgcolor="#BFFFBF"
             type="rectangle" x="834" y="478" width="46" height="17"/>
    </entry>
    <entry id="247" name="hsa:64902" type="gene" reaction="rn:R10992"
        link="http://www.kegg.jp/dbget-bin/www_bget?hsa:64902">
        <graphics name="AGXT2, AGT2, BAIBA, DAIBAT" fgcolor="#000000" bgcolor="#BFFFBF"
             type="rectangle" x="834" y="499" width="46" height="17"/>
    </entry>
    <entry id="248" name="hsa:2729 hsa:2730" type="gene" reaction="rn:R10993"
        link="http://www.kegg.jp/dbget-bin/www_bget?hsa:2729+hsa:2730">
        <graphics name="GCLC, GCL, GCS, GLCL, GLCLC..." fgcolor="#000000" bgcolor="#BFFFBF"
             type="rectangle" x="936" y="489" width="46" height="17"/>
    </entry>
    <entry id="250" name="cpd:C21015" type="compound"
        link="http://www.kegg.jp/dbget-bin/www_bget?C21015">
        <graphics name="C21015" fgcolor="#000000" bgcolor="#FFFFFF"
             type="circle" x="990" y="488" width="8" height="8"/>
    </entry>
    <entry id="251" name="hsa:2937" type="gene" reaction="rn:R10994"
        link="http://www.kegg.jp/dbget-bin/www_bget?hsa:2937">
        <graphics name="GSS, GSHS, HEL-S-64p, HEL-S-88n" fgcolor="#000000" bgcolor="#BFFFBF"
             type="rectangle" x="1039" y="489" width="46" height="17"/>
    </entry>
    <entry id="252" name="cpd:C21016" type="compound"
        link="http://www.kegg.jp/dbget-bin/www_bget?C21016">
        <graphics name="C21016" fgcolor="#000000" bgcolor="#FFFFFF"
             type="circle" x="1094" y="488" width="8" height="8"/>
    </entry>
    <entry id="254" name="path:hsa00260" type="map"
        link="http://www.kegg.jp/dbget-bin/www_bget?hsa00260">
        <graphics name="Glycine, serine and threonine metabolism" fgcolor="#000000" bgcolor="#FFFFFF"
             type="roundrectangle" x="610" y="448" width="148" height="25"/>
    </entry>
    <entry id="255" name="path:hsa00290" type="map"
        link="http://www.kegg.jp/dbget-bin/www_bget?hsa00290">
        <graphics name="Valine, leucine and isoleucine biosynthesis" fgcolor="#000000" bgcolor="#FFFFFF"
             type="roundrectangle" x="1056" y="447" width="131" height="34"/>
    </entry>
    <entry id="256" name="ko:K12960" type="ortholog" reaction="rn:R09660"
        link="http://www.kegg.jp/dbget-bin/www_bget?K12960">
        <graphics name="K12960" fgcolor="#000000" bgcolor="#FFFFFF"
             type="rectangle" x="1047" y="937" width="46" height="17"/>
    </entry>
    <entry id="257" name="cpd:C19787" type="compound"
        link="http://www.kegg.jp/dbget-bin/www_bget?C19787">
        <graphics name="C19787" fgcolor="#000000" bgcolor="#FFFFFF"
             type="circle" x="1092" y="936" width="8" height="8"/>
    </entry>
    <entry id="258" name="ko:K19696" type="ortholog" reaction="rn:R09668"
        link="http://www.kegg.jp/dbget-bin/www_bget?K19696">
        <graphics name="K19696" fgcolor="#000000" bgcolor="#FFFFFF"
             type="rectangle" x="1092" y="1026" width="46" height="17"/>
    </entry>
    <entry id="259" name="ko:K13060 ko:K13061 ko:K13062 ko:K20248 ko:K20249 ko:K20250" type="ortholog" reaction="rn:R08940"
        link="http://www.kegg.jp/dbget-bin/www_bget?K13060+K13061+K13062+K20248+K20249+K20250">
        <graphics name="K13060..." fgcolor="#000000" bgcolor="#FFFFFF"
             type="rectangle" x="848" y="905" width="46" height="17"/>
    </entry>
    <entry id="260" name="cpd:C18049" type="compound"
        link="http://www.kegg.jp/dbget-bin/www_bget?C18049">
        <graphics name="C18049" fgcolor="#000000" bgcolor="#FFFFFF"
             type="circle" x="919" y="858" width="8" height="8"/>
    </entry>
    <entry id="263" name="ko:K22207 ko:K20021" type="ortholog" reaction="rn:R00782"
        link="http://www.kegg.jp/dbget-bin/www_bget?K22207+K20021">
        <graphics name="K22207..." fgcolor="#000000" bgcolor="#FFFFFF"
             type="rectangle" x="262" y="445" width="46" height="17"/>
    </entry>
    <entry id="264" name="path:hsa00920" type="map"
        link="http://www.kegg.jp/dbget-bin/www_bget?hsa00920">
        <graphics name="Sulfur metabolism" fgcolor="#000000" bgcolor="#FFFFFF"
             type="roundrectangle" x="277" y="1017" width="108" height="25"/>
    </entry>
    <entry id="265" name="ko:K21623" type="ortholog" reaction="rn:R02408"
        link="http://www.kegg.jp/dbget-bin/www_bget?K21623">
        <graphics name="K21623" fgcolor="#000000" bgcolor="#FFFFFF"
             type="rectangle" x="136" y="277" width="46" height="17"/>
    </entry>
    <relation entry1="171" entry2="141" type="maplink">
        <subtype name="compound" value="121"/>
    </relation>
    <relation entry1="149" entry2="145" type="maplink">
        <subtype name="compound" value="144"/>
    </relation>
    <relation entry1="85" entry2="209" type="maplink">
        <subtype name="compound" value="127"/>
    </relation>
    <relation entry1="85" entry2="208" type="maplink">
        <subtype name="compound" value="127"/>
    </relation>
    <relation entry1="85" entry2="173" type="ECrel">
        <subtype name="compound" value="127"/>
    </relation>
    <relation entry1="85" entry2="190" type="ECrel">
        <subtype name="compound" value="127"/>
    </relation>
    <relation entry1="209" entry2="208" type="maplink">
        <subtype name="compound" value="127"/>
    </relation>
    <relation entry1="209" entry2="173" type="maplink">
        <subtype name="compound" value="127"/>
    </relation>
    <relation entry1="209" entry2="186" type="maplink">
        <subtype name="compound" value="127"/>
    </relation>
    <relation entry1="209" entry2="190" type="maplink">
        <subtype name="compound" value="127"/>
    </relation>
    <relation entry1="208" entry2="173" type="maplink">
        <subtype name="compound" value="127"/>
    </relation>
    <relation entry1="208" entry2="186" type="maplink">
        <subtype name="compound" value="127"/>
    </relation>
    <relation entry1="208" entry2="190" type="maplink">
        <subtype name="compound" value="127"/>
    </relation>
    <relation entry1="173" entry2="186" type="ECrel">
        <subtype name="compound" value="127"/>
    </relation>
    <relation entry1="173" entry2="190" type="ECrel">
        <subtype name="compound" value="127"/>
    </relation>
    <relation entry1="186" entry2="190" type="ECrel">
        <subtype name="compound" value="127"/>
    </relation>
    <relation entry1="189" entry2="186" type="ECrel">
        <subtype name="compound" value="179"/>
    </relation>
    <relation entry1="190" entry2="189" type="ECrel">
        <subtype name="compound" value="188"/>
    </relation>
    <relation entry1="190" entry2="193" type="ECrel">
        <subtype name="compound" value="188"/>
    </relation>
    <relation entry1="189" entry2="193" type="ECrel">
        <subtype name="compound" value="188"/>
    </relation>
    <relation entry1="189" entry2="229" type="maplink">
        <subtype name="compound" value="228"/>
    </relation>
    <relation entry1="176" entry2="195" type="maplink">
        <subtype name="compound" value="174"/>
    </relation>
    <relation entry1="176" entry2="173" type="ECrel">
        <subtype name="compound" value="174"/>
    </relation>
    <relation entry1="195" entry2="173" type="maplink">
        <subtype name="compound" value="174"/>
    </relation>
    <relation entry1="87" entry2="85" type="ECrel">
        <subtype name="compound" value="108"/>
    </relation>
    <relation entry1="210" entry2="87" type="maplink">
        <subtype name="compound" value="105"/>
    </relation>
    <relation entry1="84" entry2="91" type="maplink">
        <subtype name="compound" value="106"/>
    </relation>
    <relation entry1="84" entry2="88" type="maplink">
        <subtype name="compound" value="106"/>
    </relation>
    <relation entry1="84" entry2="98" type="maplink">
        <subtype name="compound" value="106"/>
    </relation>
    <relation entry1="84" entry2="93" type="maplink">
        <subtype name="compound" value="106"/>
    </relation>
    <relation entry1="84" entry2="87" type="maplink">
        <subtype name="compound" value="106"/>
    </relation>
    <relation entry1="84" entry2="210" type="maplink">
        <subtype name="compound" value="106"/>
    </relation>
    <relation entry1="91" entry2="93" type="ECrel">
        <subtype name="compound" value="106"/>
    </relation>
    <relation entry1="91" entry2="87" type="ECrel">
        <subtype name="compound" value="106"/>
    </relation>
    <relation entry1="91" entry2="210" type="maplink">
        <subtype name="compound" value="106"/>
    </relation>
    <relation entry1="88" entry2="93" type="ECrel">
        <subtype name="compound" value="106"/>
    </relation>
    <relation entry1="88" entry2="87" type="ECrel">
        <subtype name="compound" value="106"/>
    </relation>
    <relation entry1="88" entry2="210" type="maplink">
        <subtype name="compound" value="106"/>
    </relation>
    <relation entry1="98" entry2="93" type="ECrel">
        <subtype name="compound" value="106"/>
    </relation>
    <relation entry1="98" entry2="87" type="ECrel">
        <subtype name="compound" value="106"/>
    </relation>
    <relation entry1="98" entry2="210" type="maplink">
        <subtype name="compound" value="106"/>
    </relation>
    <relation entry1="93" entry2="87" type="ECrel">
        <subtype name="compound" value="106"/>
    </relation>
    <relation entry1="93" entry2="210" type="maplink">
        <subtype name="compound" value="106"/>
    </relation>
    <relation entry1="87" entry2="210" type="maplink">
        <subtype name="compound" value="106"/>
    </relation>
    <relation entry1="88" entry2="69" type="ECrel">
        <subtype name="compound" value="107"/>
    </relation>
    <relation entry1="88" entry2="97" type="ECrel">
        <subtype name="compound" value="107"/>
    </relation>
    <relation entry1="88" entry2="92" type="ECrel">
        <subtype name="compound" value="107"/>
    </relation>
    <relation entry1="98" entry2="69" type="ECrel">
        <subtype name="compound" value="107"/>
    </relation>
    <relation entry1="98" entry2="97" type="ECrel">
        <subtype name="compound" value="107"/>
    </relation>
    <relation entry1="98" entry2="92" type="ECrel">
        <subtype name="compound" value="107"/>
    </relation>
    <relation entry1="91" entry2="69" type="ECrel">
        <subtype name="compound" value="107"/>
    </relation>
    <relation entry1="91" entry2="97" type="ECrel">
        <subtype name="compound" value="107"/>
    </relation>
    <relation entry1="91" entry2="92" type="ECrel">
        <subtype name="compound" value="107"/>
    </relation>
    <relation entry1="69" entry2="92" type="ECrel">
        <subtype name="compound" value="107"/>
    </relation>
    <relation entry1="97" entry2="92" type="ECrel">
        <subtype name="compound" value="107"/>
    </relation>
    <relation entry1="93" entry2="94" type="ECrel">
        <subtype name="compound" value="109"/>
    </relation>
    <relation entry1="92" entry2="94" type="ECrel">
        <subtype name="compound" value="110"/>
    </relation>
    <relation entry1="92" entry2="81" type="ECrel">
        <subtype name="compound" value="110"/>
    </relation>
    <relation entry1="94" entry2="81" type="ECrel">
        <subtype name="compound" value="110"/>
    </relation>
    <relation entry1="81" entry2="80" type="ECrel">
        <subtype name="compound" value="67"/>
    </relation>
    <relation entry1="80" entry2="77" type="ECrel">
        <subtype name="compound" value="66"/>
    </relation>
    <relation entry1="75" entry2="77" type="ECrel">
        <subtype name="compound" value="64"/>
    </relation>
    <relation entry1="74" entry2="75" type="ECrel">
        <subtype name="compound" value="63"/>
    </relation>
    <relation entry1="74" entry2="120" type="ECrel">
        <subtype name="compound" value="62"/>
    </relation>
    <relation entry1="71" entry2="72" type="ECrel">
        <subtype name="compound" value="60"/>
    </relation>
    <relation entry1="71" entry2="120" type="ECrel">
        <subtype name="compound" value="60"/>
    </relation>
    <relation entry1="72" entry2="120" type="ECrel">
        <subtype name="compound" value="60"/>
    </relation>
    <relation entry1="69" entry2="71" type="ECrel">
        <subtype name="compound" value="112"/>
    </relation>
    <relation entry1="97" entry2="71" type="ECrel">
        <subtype name="compound" value="112"/>
    </relation>
    <relation entry1="81" entry2="230" type="ECrel">
        <subtype name="compound" value="67"/>
    </relation>
    <relation entry1="230" entry2="77" type="ECrel">
        <subtype name="compound" value="66"/>
    </relation>
    <relation entry1="85" entry2="231" type="maplink">
        <subtype name="compound" value="104"/>
    </relation>
    <relation entry1="149" entry2="240" type="ECrel">
        <subtype name="compound" value="150"/>
    </relation>
    <relation entry1="85" entry2="255" type="maplink">
        <subtype name="compound" value="104"/>
    </relation>
    <relation entry1="85" entry2="254" type="maplink">
        <subtype name="compound" value="104"/>
    </relation>
    <relation entry1="85" entry2="246" type="ECrel">
        <subtype name="compound" value="104"/>
    </relation>
    <relation entry1="85" entry2="247" type="ECrel">
        <subtype name="compound" value="104"/>
    </relation>
    <relation entry1="246" entry2="254" type="maplink">
        <subtype name="compound" value="104"/>
    </relation>
    <relation entry1="246" entry2="231" type="maplink">
        <subtype name="compound" value="104"/>
    </relation>
    <relation entry1="246" entry2="255" type="maplink">
        <subtype name="compound" value="104"/>
    </relation>
    <relation entry1="247" entry2="254" type="maplink">
        <subtype name="compound" value="104"/>
    </relation>
    <relation entry1="247" entry2="231" type="maplink">
        <subtype name="compound" value="104"/>
    </relation>
    <relation entry1="247" entry2="255" type="maplink">
        <subtype name="compound" value="104"/>
    </relation>
    <relation entry1="246" entry2="248" type="ECrel">
        <subtype name="compound" value="245"/>
    </relation>
    <relation entry1="247" entry2="248" type="ECrel">
        <subtype name="compound" value="245"/>
    </relation>
    <relation entry1="248" entry2="251" type="ECrel">
        <subtype name="compound" value="250"/>
    </relation>
    <relation entry1="231" entry2="254" type="maplink">
        <subtype name="compound" value="104"/>
    </relation>
    <relation entry1="231" entry2="255" type="maplink">
        <subtype name="compound" value="104"/>
    </relation>
    <relation entry1="254" entry2="255" type="maplink">
        <subtype name="compound" value="104"/>
    </relation>
    <reaction id="69" name="rn:R07396" type="irreversible">
        <substrate id="112" name="cpd:C01180"/>
        <product id="107" name="cpd:C00073"/>
    </reaction>
    <reaction id="71" name="rn:R07364" type="irreversible">
        <substrate id="60" name="cpd:C15606"/>
        <product id="112" name="cpd:C01180"/>
    </reaction>
    <reaction id="72" name="rn:R07363" type="irreversible">
        <substrate id="60" name="cpd:C15606"/>
        <product id="59" name="cpd:C08276"/>
    </reaction>
    <reaction id="74" name="rn:R07392" type="irreversible">
        <substrate id="63" name="cpd:C04582"/>
        <product id="62" name="cpd:C15650"/>
    </reaction>
    <reaction id="75" name="rn:R04420" type="irreversible">
        <substrate id="64" name="cpd:C04188"/>
        <product id="63" name="cpd:C04582"/>
    </reaction>
    <reaction id="77" name="rn:R01402" type="irreversible">
        <substrate id="66" name="cpd:C00170"/>
        <product id="64" name="cpd:C04188"/>
    </reaction>
    <reaction id="80" name="rn:R01920" type="irreversible">
        <substrate id="67" name="cpd:C01137"/>
        <product id="66" name="cpd:C00170"/>
    </reaction>
    <reaction id="81" name="rn:R00178" type="irreversible">
        <substrate id="110" name="cpd:C00019"/>
        <product id="67" name="cpd:C01137"/>
    </reaction>
    <reaction id="85" name="rn:R01001" type="reversible">
        <substrate id="108" name="cpd:C02291"/>
        <product id="127" name="cpd:C00097"/>
        <product id="104" name="cpd:C00109"/>
    </reaction>
    <reaction id="87" name="rn:R01290" type="irreversible">
        <substrate id="106" name="cpd:C00155"/>
        <substrate id="105" name="cpd:C00065"/>
        <product id="108" name="cpd:C02291"/>
    </reaction>
    <reaction id="88" name="rn:R00946" type="irreversible">
        <substrate id="106" name="cpd:C00155"/>
        <product id="107" name="cpd:C00073"/>
    </reaction>
    <reaction id="91" name="rn:R02821" type="irreversible">
        <substrate id="106" name="cpd:C00155"/>
        <product id="107" name="cpd:C00073"/>
    </reaction>
    <reaction id="92" name="rn:R00177" type="irreversible">
        <substrate id="107" name="cpd:C00073"/>
        <product id="110" name="cpd:C00019"/>
    </reaction>
    <reaction id="93" name="rn:R00192" type="irreversible">
        <substrate id="109" name="cpd:C00021"/>
        <product id="106" name="cpd:C00155"/>
    </reaction>
    <reaction id="94" name="rn:R04858" type="irreversible">
        <substrate id="110" name="cpd:C00019"/>
        <product id="109" name="cpd:C00021"/>
    </reaction>
    <reaction id="97" name="rn:R00648" type="irreversible">
        <substrate id="112" name="cpd:C01180"/>
        <product id="107" name="cpd:C00073"/>
    </reaction>
    <reaction id="98" name="rn:R00650" type="irreversible">
        <substrate id="106" name="cpd:C00155"/>
        <product id="107" name="cpd:C00073"/>
    </reaction>
    <reaction id="120" name="rn:R07395" type="irreversible">
        <substrate id="62" name="cpd:C15650"/>
        <product id="60" name="cpd:C15606"/>
    </reaction>
    <reaction id="141" name="rn:R00590" type="irreversible">
        <substrate id="121" name="cpd:C00065"/>
        <product id="142" name="cpd:C02218"/>
    </reaction>
    <reaction id="149" name="rn:R02433" type="reversible">
        <substrate id="144" name="cpd:C00506"/>
        <product id="150" name="cpd:C05528"/>
    </reaction>
    <reaction id="170" name="rn:R02408" type="irreversible">
        <substrate id="162" name="cpd:C00491"/>
        <product id="168" name="cpd:C01962"/>
    </reaction>
    <reaction id="173" name="rn:R00893" type="irreversible">
        <substrate id="127" name="cpd:C00097"/>
        <product id="174" name="cpd:C00606"/>
    </reaction>
    <reaction id="176" name="rn:R02619" type="irreversible">
        <substrate id="174" name="cpd:C00606"/>
        <product id="178" name="cpd:C05527"/>
    </reaction>
    <reaction id="186" name="rn:R00782" type="reversible">
        <substrate id="127" name="cpd:C00097"/>
        <product id="179" name="cpd:C00022"/>
    </reaction>
    <reaction id="189" name="rn:R03105" type="irreversible">
        <substrate id="188" name="cpd:C00957"/>
        <product id="179" name="cpd:C00022"/>
    </reaction>
    <reaction id="190" name="rn:R00896" type="reversible">
        <substrate id="127" name="cpd:C00097"/>
        <product id="188" name="cpd:C00957"/>
    </reaction>
    <reaction id="193" name="rn:R03104" type="irreversible">
        <substrate id="188" name="cpd:C00957"/>
        <product id="194" name="cpd:C05823"/>
    </reaction>
    <reaction id="230" name="rn:R02869" type="irreversible">
        <substrate id="67" name="cpd:C01137"/>
        <product id="66" name="cpd:C00170"/>
    </reaction>
    <reaction id="240" name="rn:R07136" type="reversible">
        <substrate id="151" name="cpd:C11537"/>
        <product id="150" name="cpd:C05528"/>
    </reaction>
    <reaction id="251" name="rn:R10994" type="irreversible">
        <substrate id="250" name="cpd:C21015"/>
        <product id="252" name="cpd:C21016"/>
    </reaction>
    <reaction id="248" name="rn:R10993" type="irreversible">
        <substrate id="245" name="cpd:C02356"/>
        <product id="250" name="cpd:C21015"/>
    </reaction>
    <reaction id="247" name="rn:R10992" type="reversible">
        <substrate id="104" name="cpd:C00109"/>
        <product id="245" name="cpd:C02356"/>
    </reaction>
    <reaction id="246" name="rn:R10991" type="reversible">
        <substrate id="104" name="cpd:C00109"/>
        <product id="245" name="cpd:C02356"/>
    </reaction>
</pathway>
