<?xml version="1.0"?>
<!DOCTYPE pathway SYSTEM "http://www.kegg.jp/kegg/xml/KGML_v0.7.2_.dtd">
<!-- Creation date: Sep 28, 2017 10:39:54 +0900 (GMT+9) -->
<pathway name="path:hsa00240" org="hsa" number="00240"
         title="Pyrimidine metabolism"
         image="http://www.kegg.jp/kegg/pathway/hsa/hsa00240.png"
         link="http://www.kegg.jp/kegg-bin/show_pathway?hsa00240">
    <entry id="3" name="cpd:C00063" type="compound"
        link="http://www.kegg.jp/dbget-bin/www_bget?C00063">
        <graphics name="C00063" fgcolor="#000000" bgcolor="#FFFFFF"
             type="circle" x="634" y="319" width="8" height="8"/>
    </entry>
    <entry id="84" name="hsa:50484 hsa:6240 hsa:6241" type="gene" reaction="rn:R02018"
        link="http://www.kegg.jp/dbget-bin/www_bget?hsa:50484+hsa:6240+hsa:6241">
        <graphics name="RRM2B, MTDPS8A, MTDPS8B, P53R2..." fgcolor="#000000" bgcolor="#BFFFBF"
             type="rectangle" x="450" y="717" width="46" height="17"/>
    </entry>
    <entry id="85" name="cpd:C15607" type="compound"
        link="http://www.kegg.jp/dbget-bin/www_bget?C15607">
        <graphics name="C15607" fgcolor="#000000" bgcolor="#FFFFFF"
             type="circle" x="1061" y="308" width="8" height="8"/>
    </entry>
    <entry id="86" name="ko:K19795" type="ortholog" reaction="rn:R07629"
        link="http://www.kegg.jp/dbget-bin/www_bget?K19795">
        <graphics name="K19795" fgcolor="#000000" bgcolor="#FFFFFF"
             type="rectangle" x="1108" y="308" width="46" height="17"/>
    </entry>
    <entry id="87" name="ko:K09903" type="ortholog" reaction="rn:R00158"
        link="http://www.kegg.jp/dbget-bin/www_bget?K09903">
        <graphics name="K09903" fgcolor="#000000" bgcolor="#FFFFFF"
             type="rectangle" x="505" y="247" width="46" height="17"/>
    </entry>
    <entry id="88" name="ko:K09887" type="ortholog" reaction="rn:R07307"
        link="http://www.kegg.jp/dbget-bin/www_bget?K09887">
        <graphics name="K09887" fgcolor="#000000" bgcolor="#FFFFFF"
             type="rectangle" x="395" y="584" width="46" height="17"/>
    </entry>
    <entry id="89" name="ko:K03465" type="ortholog" reaction="rn:R06613"
        link="http://www.kegg.jp/dbget-bin/www_bget?K03465">
        <graphics name="K03465" fgcolor="#000000" bgcolor="#FFFFFF"
             type="rectangle" x="588" y="716" width="46" height="17"/>
    </entry>
    <entry id="90" name="cpd:C00064" type="compound"
        link="http://www.kegg.jp/dbget-bin/www_bget?C00064">
        <graphics name="C00064" fgcolor="#000000" bgcolor="#FFFFFF"
             type="circle" x="128" y="297" width="8" height="8"/>
    </entry>
    <entry id="91" name="hsa:790" type="gene" reaction="rn:R00575"
        link="http://www.kegg.jp/dbget-bin/www_bget?hsa:790">
        <graphics name="CAD, CDG1Z, EIEE50, GATD4" fgcolor="#000000" bgcolor="#BFFFBF"
             type="rectangle" x="128" y="264" width="46" height="17"/>
    </entry>
    <entry id="92" name="path:hsa00240" type="map"
        link="http://www.kegg.jp/dbget-bin/www_bget?hsa00240">
        <graphics name="TITLE:Pyrimidine metabolism" fgcolor="#000000" bgcolor="#FFFFFF"
             type="roundrectangle" x="142" y="58" width="204" height="25"/>
    </entry>
    <entry id="93" name="path:hsa00030" type="map"
        link="http://www.kegg.jp/dbget-bin/www_bget?hsa00030">
        <graphics name="Pentose phosphate pathway" fgcolor="#000000" bgcolor="#FFFFFF"
             type="roundrectangle" x="176" y="103" width="147" height="25"/>
    </entry>
    <entry id="94" name="path:hsa00250" type="map"
        link="http://www.kegg.jp/dbget-bin/www_bget?hsa00250">
        <graphics name="Alanine, aspartate and glutamate metabolism" fgcolor="#000000" bgcolor="#FFFFFF"
             type="roundrectangle" x="129" y="377" width="125" height="34"/>
    </entry>
    <entry id="95" name="path:hsa00410" type="map"
        link="http://www.kegg.jp/dbget-bin/www_bget?hsa00410">
        <graphics name="beta-Alanine metabolism" fgcolor="#000000" bgcolor="#FFFFFF"
             type="roundrectangle" x="1272" y="236" width="123" height="25"/>
    </entry>
    <entry id="96" name="path:hsa00280" type="map"
        link="http://www.kegg.jp/dbget-bin/www_bget?hsa00280">
        <graphics name="Valine, leucine and isoleucine degradation" fgcolor="#000000" bgcolor="#FFFFFF"
             type="roundrectangle" x="1274" y="780" width="124" height="34"/>
    </entry>
    <entry id="97" name="hsa:790" type="gene" reaction="rn:R01397"
        link="http://www.kegg.jp/dbget-bin/www_bget?hsa:790">
        <graphics name="CAD, CDG1Z, EIEE50, GATD4" fgcolor="#000000" bgcolor="#BFFFBF"
             type="rectangle" x="128" y="192" width="46" height="17"/>
    </entry>
    <entry id="98" name="hsa:790" type="gene" reaction="rn:R01993"
        link="http://www.kegg.jp/dbget-bin/www_bget?hsa:790">
        <graphics name="CAD, CDG1Z, EIEE50, GATD4" fgcolor="#000000" bgcolor="#BFFFBF"
             type="rectangle" x="179" y="154" width="46" height="17"/>
    </entry>
    <entry id="99" name="ko:K17828 ko:K02823" type="ortholog" reaction="rn:R01869"
        link="http://www.kegg.jp/dbget-bin/www_bget?K17828+K02823">
        <graphics name="K17828..." fgcolor="#000000" bgcolor="#FFFFFF"
             type="rectangle" x="290" y="135" width="46" height="17"/>
    </entry>
    <entry id="100" name="ko:K00226" type="ortholog" reaction="rn:R01867"
        link="http://www.kegg.jp/dbget-bin/www_bget?K00226">
        <graphics name="K00226" fgcolor="#000000" bgcolor="#FFFFFF"
             type="rectangle" x="290" y="154" width="46" height="17"/>
    </entry>
    <entry id="101" name="hsa:7372" type="gene" reaction="rn:R01870"
        link="http://www.kegg.jp/dbget-bin/www_bget?hsa:7372">
        <graphics name="UMPS, OPRT" fgcolor="#000000" bgcolor="#BFFFBF"
             type="rectangle" x="422" y="154" width="46" height="17"/>
    </entry>
    <entry id="102" name="hsa:87178" type="gene" reaction="rn:R00438"
        link="http://www.kegg.jp/dbget-bin/www_bget?hsa:87178">
        <graphics name="PNPT1, COXPD13, DFNB70, OLD35, PNPASE, old-35" fgcolor="#000000" bgcolor="#BFFFBF"
             type="rectangle" x="280" y="196" width="46" height="17"/>
    </entry>
    <entry id="103" name="hsa:101060521 hsa:10621 hsa:10622 hsa:10623 hsa:11128 hsa:171568 hsa:221830 hsa:246721 hsa:25885 hsa:30834 hsa:51082 hsa:51728 hsa:5430 hsa:5431 hsa:5432 hsa:5433 hsa:5434 hsa:5435 hsa:5436 hsa:5437 hsa:5438 hsa:5439 hsa:5440 hsa:5441 hsa:548644 hsa:55703 hsa:55718 hsa:64425 hsa:661 hsa:84172 hsa:84265 hsa:9533" type="gene" reaction="rn:R00443"
        link="http://www.kegg.jp/dbget-bin/www_bget?hsa:101060521+hsa:10621+hsa:10622+hsa:10623+hsa:11128+hsa:171568+hsa:221830+hsa:246721+hsa:25885+hsa:30834+hsa:51082+hsa:51728+hsa:5430+hsa:5431+hsa:5432+hsa:5433+hsa:5434+hsa:5435+hsa:5436+hsa:5437+hsa:5438+hsa:5439+hsa:5440+hsa:5441+hsa:548644+hsa:55703+hsa:55718+hsa:64425+hsa:661+hsa:84172+hsa:84265+hsa:9533">
        <graphics name="101060521..." fgcolor="#000000" bgcolor="#BFFFBF"
             type="rectangle" x="280" y="230" width="46" height="17"/>
    </entry>
    <entry id="104" name="hsa:10201 hsa:221264 hsa:29922 hsa:4830 hsa:4831 hsa:4832 hsa:4833 hsa:654364" type="gene" reaction="rn:R00156"
        link="http://www.kegg.jp/dbget-bin/www_bget?hsa:10201+hsa:221264+hsa:29922+hsa:4830+hsa:4831+hsa:4832+hsa:4833+hsa:654364">
        <graphics name="NME6, IPIA-ALPHA, NDK_6, NM23-H6..." fgcolor="#000000" bgcolor="#BFFFBF"
             type="rectangle" x="395" y="237" width="46" height="17"/>
    </entry>
    <entry id="105" name="hsa:129607 hsa:51727" type="gene" reaction="rn:R00158"
        link="http://www.kegg.jp/dbget-bin/www_bget?hsa:129607+hsa:51727">
        <graphics name="CMPK2, NDK, TMPK2, TYKi, UMP-CMPK2..." fgcolor="#000000" bgcolor="#BFFFBF"
             type="rectangle" x="505" y="226" width="46" height="17"/>
    </entry>
    <entry id="106" name="ko:K01494" type="ortholog" reaction="rn:R00568"
        link="http://www.kegg.jp/dbget-bin/www_bget?K01494">
        <graphics name="K01494" fgcolor="#000000" bgcolor="#FFFFFF"
             type="rectangle" x="283" y="286" width="46" height="17"/>
    </entry>
    <entry id="107" name="hsa:1503 hsa:56474" type="gene" reaction="rn:R00571 rn:R00573"
        link="http://www.kegg.jp/dbget-bin/www_bget?hsa:1503+hsa:56474">
        <graphics name="CTPS1, CTPS, GATD5, IMD24..." fgcolor="#000000" bgcolor="#BFFFBF"
             type="rectangle" x="334" y="311" width="46" height="17"/>
    </entry>
    <entry id="108" name="hsa:377841 hsa:953 hsa:956" type="gene" reaction="rn:R00159"
        link="http://www.kegg.jp/dbget-bin/www_bget?hsa:377841+hsa:953+hsa:956">
        <graphics name="ENTPD8, E-NTPDase, GLSR2492, NTPDase-8, UNQ2492..." fgcolor="#000000" bgcolor="#BFFFBF"
             type="rectangle" x="395" y="262" width="46" height="17"/>
    </entry>
    <entry id="110" name="hsa:124583 hsa:955 hsa:957 hsa:9583" type="gene" reaction="rn:R00155"
        link="http://www.kegg.jp/dbget-bin/www_bget?hsa:124583+hsa:955+hsa:957+hsa:9583">
        <graphics name="CANT1, DBQD, DBQD1, EDM7, SCAN-1, SCAN1, SHAPY..." fgcolor="#000000" bgcolor="#BFFFBF"
             type="rectangle" x="505" y="184" width="46" height="17"/>
    </entry>
    <entry id="111" name="hsa:377841 hsa:953 hsa:956" type="gene" reaction="rn:R00155"
        link="http://www.kegg.jp/dbget-bin/www_bget?hsa:377841+hsa:953+hsa:956">
        <graphics name="ENTPD8, E-NTPDase, GLSR2492, NTPDase-8, UNQ2492..." fgcolor="#000000" bgcolor="#BFFFBF"
             type="rectangle" x="505" y="205" width="46" height="17"/>
    </entry>
    <entry id="112" name="hsa:139596" type="gene" reaction="rn:R00966"
        link="http://www.kegg.jp/dbget-bin/www_bget?hsa:139596">
        <graphics name="UPRT, FUR1, UPP" fgcolor="#000000" bgcolor="#BFFFBF"
             type="rectangle" x="632" y="281" width="46" height="17"/>
    </entry>
    <entry id="113" name="hsa:54963 hsa:7371 hsa:83549" type="gene" reaction="rn:R00964 rn:R00967 rn:R00968 rn:R00970 rn:R01549 rn:R01880 rn:R02097 rn:R02327 rn:R02332"
        link="http://www.kegg.jp/dbget-bin/www_bget?hsa:54963+hsa:7371+hsa:83549">
        <graphics name="UCKL1, UCK1L, URKL1..." fgcolor="#000000" bgcolor="#BFFFBF"
             type="rectangle" x="633" y="228" width="46" height="17"/>
    </entry>
    <entry id="114" name="hsa:100526794 hsa:115024 hsa:22978 hsa:30833 hsa:4907 hsa:51251 hsa:56953 hsa:84618 hsa:93034" type="gene" reaction="rn:R00963"
        link="http://www.kegg.jp/dbget-bin/www_bget?hsa:100526794+hsa:115024+hsa:22978+hsa:30833+hsa:4907+hsa:51251+hsa:56953+hsa:84618+hsa:93034">
        <graphics name="NT5C1B-RDH14..." fgcolor="#000000" bgcolor="#BFFFBF"
             type="rectangle" x="633" y="247" width="46" height="17"/>
    </entry>
    <entry id="115" name="hsa:151531 hsa:7378" type="gene" reaction="rn:R01876"
        link="http://www.kegg.jp/dbget-bin/www_bget?hsa:151531+hsa:7378">
        <graphics name="UPP2, UDRPASE2, UP2, UPASE2..." fgcolor="#000000" bgcolor="#BFFFBF"
             type="rectangle" x="768" y="228" width="46" height="17"/>
    </entry>
    <entry id="116" name="ko:K01240" type="ortholog" reaction="rn:R01080"
        link="http://www.kegg.jp/dbget-bin/www_bget?K01240">
        <graphics name="K01240" fgcolor="#000000" bgcolor="#FFFFFF"
             type="rectangle" x="768" y="247" width="46" height="17"/>
    </entry>
    <entry id="117" name="ko:K17722 ko:K17723" type="ortholog" reaction="rn:R00977"
        link="http://www.kegg.jp/dbget-bin/www_bget?K17722+K17723">
        <graphics name="K17722..." fgcolor="#000000" bgcolor="#FFFFFF"
             type="rectangle" x="904" y="226" width="46" height="17"/>
    </entry>
    <entry id="118" name="hsa:1806" type="gene" reaction="rn:R00978"
        link="http://www.kegg.jp/dbget-bin/www_bget?hsa:1806">
        <graphics name="DPYD, DHP, DHPDHASE, DPD" fgcolor="#000000" bgcolor="#BFFFBF"
             type="rectangle" x="904" y="247" width="46" height="17"/>
    </entry>
    <entry id="119" name="hsa:1807" type="gene" reaction="rn:R02269"
        link="http://www.kegg.jp/dbget-bin/www_bget?hsa:1807">
        <graphics name="DPYS, DHP, DHPase" fgcolor="#000000" bgcolor="#BFFFBF"
             type="rectangle" x="1013" y="237" width="46" height="17"/>
    </entry>
    <entry id="120" name="hsa:51733" type="gene" reaction="rn:R00905"
        link="http://www.kegg.jp/dbget-bin/www_bget?hsa:51733">
        <graphics name="UPB1, BUP1" fgcolor="#000000" bgcolor="#BFFFBF"
             type="rectangle" x="1108" y="237" width="46" height="17"/>
    </entry>
    <entry id="121" name="hsa:101060521 hsa:10621 hsa:10622 hsa:10623 hsa:11128 hsa:171568 hsa:221830 hsa:246721 hsa:25885 hsa:30834 hsa:51082 hsa:51728 hsa:5430 hsa:5431 hsa:5432 hsa:5433 hsa:5434 hsa:5435 hsa:5436 hsa:5437 hsa:5438 hsa:5439 hsa:5440 hsa:5441 hsa:548644 hsa:55703 hsa:55718 hsa:64425 hsa:661 hsa:84172 hsa:84265 hsa:9533" type="gene" reaction="rn:R00442"
        link="http://www.kegg.jp/dbget-bin/www_bget?hsa:101060521+hsa:10621+hsa:10622+hsa:10623+hsa:11128+hsa:171568+hsa:221830+hsa:246721+hsa:25885+hsa:30834+hsa:51082+hsa:51728+hsa:5430+hsa:5431+hsa:5432+hsa:5433+hsa:5434+hsa:5435+hsa:5436+hsa:5437+hsa:5438+hsa:5439+hsa:5440+hsa:5441+hsa:548644+hsa:55703+hsa:55718+hsa:64425+hsa:661+hsa:84172+hsa:84265+hsa:9533">
        <graphics name="101060521..." fgcolor="#000000" bgcolor="#BFFFBF"
             type="rectangle" x="285" y="387" width="46" height="17"/>
    </entry>
    <entry id="122" name="hsa:87178" type="gene" reaction="rn:R00440"
        link="http://www.kegg.jp/dbget-bin/www_bget?hsa:87178">
        <graphics name="PNPT1, COXPD13, DFNB70, OLD35, PNPASE, old-35" fgcolor="#000000" bgcolor="#BFFFBF"
             type="rectangle" x="285" y="410" width="46" height="17"/>
    </entry>
    <entry id="123" name="hsa:377841 hsa:953 hsa:956" type="gene" reaction="rn:R00569"
        link="http://www.kegg.jp/dbget-bin/www_bget?hsa:377841+hsa:953+hsa:956">
        <graphics name="ENTPD8, E-NTPDase, GLSR2492, NTPDase-8, UNQ2492..." fgcolor="#000000" bgcolor="#BFFFBF"
             type="rectangle" x="394" y="372" width="46" height="17"/>
    </entry>
    <entry id="124" name="hsa:10201 hsa:221264 hsa:29922 hsa:4830 hsa:4831 hsa:4832 hsa:4833 hsa:654364" type="gene" reaction="rn:R00570"
        link="http://www.kegg.jp/dbget-bin/www_bget?hsa:10201+hsa:221264+hsa:29922+hsa:4830+hsa:4831+hsa:4832+hsa:4833+hsa:654364">
        <graphics name="NME6, IPIA-ALPHA, NDK_6, NM23-H6..." fgcolor="#000000" bgcolor="#BFFFBF"
             type="rectangle" x="394" y="391" width="46" height="17"/>
    </entry>
    <entry id="125" name="hsa:377841 hsa:953 hsa:956" type="gene" reaction="rn:R00514"
        link="http://www.kegg.jp/dbget-bin/www_bget?hsa:377841+hsa:953+hsa:956">
        <graphics name="ENTPD8, E-NTPDase, GLSR2492, NTPDase-8, UNQ2492..." fgcolor="#000000" bgcolor="#BFFFBF"
             type="rectangle" x="504" y="347" width="46" height="17"/>
    </entry>
    <entry id="126" name="hsa:129607 hsa:51727" type="gene" reaction="rn:R00512"
        link="http://www.kegg.jp/dbget-bin/www_bget?hsa:129607+hsa:51727">
        <graphics name="CMPK2, NDK, TMPK2, TYKi, UMP-CMPK2..." fgcolor="#000000" bgcolor="#BFFFBF"
             type="rectangle" x="504" y="371" width="46" height="17"/>
    </entry>
    <entry id="127" name="hsa:54963 hsa:7371 hsa:83549" type="gene" reaction="rn:R00513 rn:R00516 rn:R00517 rn:R00962 rn:R01548 rn:R02091 rn:R02096 rn:R02371 rn:R02372"
        link="http://www.kegg.jp/dbget-bin/www_bget?hsa:54963+hsa:7371+hsa:83549">
        <graphics name="UCKL1, UCK1L, URKL1..." fgcolor="#000000" bgcolor="#BFFFBF"
             type="rectangle" x="633" y="341" width="46" height="17"/>
    </entry>
    <entry id="128" name="hsa:100526794 hsa:115024 hsa:22978 hsa:30833 hsa:4907 hsa:51251 hsa:56953 hsa:84618 hsa:93034" type="gene" reaction="rn:R00511"
        link="http://www.kegg.jp/dbget-bin/www_bget?hsa:100526794+hsa:115024+hsa:22978+hsa:30833+hsa:4907+hsa:51251+hsa:56953+hsa:84618+hsa:93034">
        <graphics name="NT5C1B-RDH14..." fgcolor="#000000" bgcolor="#BFFFBF"
             type="rectangle" x="633" y="383" width="46" height="17"/>
    </entry>
    <entry id="129" name="hsa:978" type="gene" reaction="rn:R01878"
        link="http://www.kegg.jp/dbget-bin/www_bget?hsa:978">
        <graphics name="CDA, CDD" fgcolor="#000000" bgcolor="#BFFFBF"
             type="rectangle" x="695" y="320" width="46" height="17"/>
    </entry>
    <entry id="130" name="ko:K01485" type="ortholog" reaction="rn:R00974"
        link="http://www.kegg.jp/dbget-bin/www_bget?K01485">
        <graphics name="K01485" fgcolor="#000000" bgcolor="#FFFFFF"
             type="rectangle" x="824" y="347" width="46" height="17"/>
    </entry>
    <entry id="131" name="ko:K00756 ko:K09913" type="ortholog" reaction="rn:R02296"
        link="http://www.kegg.jp/dbget-bin/www_bget?K00756+K09913">
        <graphics name="K00756..." fgcolor="#000000" bgcolor="#FFFFFF"
             type="rectangle" x="738" y="371" width="46" height="17"/>
    </entry>
    <entry id="132" name="ko:K10213" type="ortholog" reaction="rn:R02137"
        link="http://www.kegg.jp/dbget-bin/www_bget?K10213">
        <graphics name="K10213" fgcolor="#000000" bgcolor="#FFFFFF"
             type="rectangle" x="738" y="391" width="46" height="17"/>
    </entry>
    <entry id="133" name="ko:K06966" type="ortholog" reaction="rn:R00510"
        link="http://www.kegg.jp/dbget-bin/www_bget?K06966">
        <graphics name="K06966" fgcolor="#000000" bgcolor="#FFFFFF"
             type="rectangle" x="633" y="417" width="46" height="17"/>
    </entry>
    <entry id="135" name="ko:K19794" type="ortholog" reaction="rn:R02139"
        link="http://www.kegg.jp/dbget-bin/www_bget?K19794">
        <graphics name="K19794" fgcolor="#000000" bgcolor="#FFFFFF"
             type="rectangle" x="1013" y="309" width="46" height="17"/>
    </entry>
    <entry id="136" name="ko:K00527" type="ortholog" reaction="rn:R02023"
        link="http://www.kegg.jp/dbget-bin/www_bget?K00527">
        <graphics name="K00527" fgcolor="#000000" bgcolor="#FFFFFF"
             type="rectangle" x="177" y="481" width="46" height="17"/>
    </entry>
    <entry id="137" name="ko:K00527" type="ortholog" reaction="rn:R02022"
        link="http://www.kegg.jp/dbget-bin/www_bget?K00527">
        <graphics name="K00527" fgcolor="#000000" bgcolor="#FFFFFF"
             type="rectangle" x="309" y="460" width="46" height="17"/>
    </entry>
    <entry id="138" name="hsa:50484 hsa:6240 hsa:6241" type="gene" reaction="rn:R02024"
        link="http://www.kegg.jp/dbget-bin/www_bget?hsa:50484+hsa:6240+hsa:6241">
        <graphics name="RRM2B, MTDPS8A, MTDPS8B, P53R2..." fgcolor="#000000" bgcolor="#BFFFBF"
             type="rectangle" x="450" y="460" width="46" height="17"/>
    </entry>
    <entry id="139" name="hsa:10201 hsa:221264 hsa:29922 hsa:4830 hsa:4831 hsa:4832 hsa:4833 hsa:654364" type="gene" reaction="rn:R02326"
        link="http://www.kegg.jp/dbget-bin/www_bget?hsa:10201+hsa:221264+hsa:29922+hsa:4830+hsa:4831+hsa:4832+hsa:4833+hsa:654364">
        <graphics name="NME6, IPIA-ALPHA, NDK_6, NM23-H6..." fgcolor="#000000" bgcolor="#BFFFBF"
             type="rectangle" x="395" y="515" width="46" height="17"/>
    </entry>
    <entry id="140" name="ko:K01494" type="ortholog" reaction="rn:R02325"
        link="http://www.kegg.jp/dbget-bin/www_bget?K01494">
        <graphics name="K01494" fgcolor="#000000" bgcolor="#FFFFFF"
             type="rectangle" x="332" y="599" width="46" height="17"/>
    </entry>
    <entry id="141" name="hsa:10714 hsa:23649 hsa:54107 hsa:5422 hsa:5424 hsa:5425 hsa:5426 hsa:5427 hsa:5557 hsa:5558 hsa:56655 hsa:57804" type="gene" reaction="rn:R00377"
        link="http://www.kegg.jp/dbget-bin/www_bget?hsa:10714+hsa:23649+hsa:54107+hsa:5422+hsa:5424+hsa:5425+hsa:5426+hsa:5427+hsa:5557+hsa:5558+hsa:56655+hsa:57804">
        <graphics name="POLD3, P66, P68, PPP1R128..." fgcolor="#000000" bgcolor="#BFFFBF"
             type="rectangle" x="233" y="613" width="46" height="17"/>
    </entry>
    <entry id="142" name="hsa:129607 hsa:51727" type="gene" reaction="rn:R01665"
        link="http://www.kegg.jp/dbget-bin/www_bget?hsa:129607+hsa:51727">
        <graphics name="CMPK2, NDK, TMPK2, TYKi, UMP-CMPK2..." fgcolor="#000000" bgcolor="#BFFFBF"
             type="rectangle" x="504" y="504" width="46" height="17"/>
    </entry>
    <entry id="143" name="ko:K19796" type="ortholog" reaction="rn:R01669"
        link="http://www.kegg.jp/dbget-bin/www_bget?K19796">
        <graphics name="K19796" fgcolor="#000000" bgcolor="#FFFFFF"
             type="rectangle" x="604" y="475" width="46" height="17"/>
    </entry>
    <entry id="144" name="hsa:79077" type="gene" reaction="rn:R01668"
        link="http://www.kegg.jp/dbget-bin/www_bget?hsa:79077">
        <graphics name="DCTPP1, CDA03, RS21C6, XTP3TPA" fgcolor="#000000" bgcolor="#BFFFBF"
             type="rectangle" x="446" y="568" width="46" height="17"/>
    </entry>
    <entry id="145" name="hsa:1633" type="gene" reaction="rn:R01666"
        link="http://www.kegg.jp/dbget-bin/www_bget?hsa:1633">
        <graphics name="DCK" fgcolor="#000000" bgcolor="#BFFFBF"
             type="rectangle" x="633" y="515" width="46" height="17"/>
    </entry>
    <entry id="146" name="hsa:100526794 hsa:115024 hsa:22978 hsa:30833 hsa:4907 hsa:51251 hsa:56953 hsa:84618 hsa:93034" type="gene" reaction="rn:R01664"
        link="http://www.kegg.jp/dbget-bin/www_bget?hsa:100526794+hsa:115024+hsa:22978+hsa:30833+hsa:4907+hsa:51251+hsa:56953+hsa:84618+hsa:93034">
        <graphics name="NT5C1B-RDH14..." fgcolor="#000000" bgcolor="#BFFFBF"
             type="rectangle" x="633" y="551" width="46" height="17"/>
    </entry>
    <entry id="147" name="hsa:1635" type="gene" reaction="rn:R01663"
        link="http://www.kegg.jp/dbget-bin/www_bget?hsa:1635">
        <graphics name="DCTD" fgcolor="#000000" bgcolor="#BFFFBF"
             type="rectangle" x="588" y="599" width="46" height="17"/>
    </entry>
    <entry id="148" name="hsa:10201 hsa:221264 hsa:29922 hsa:4830 hsa:4831 hsa:4832 hsa:4833 hsa:654364" type="gene" reaction="rn:R02331"
        link="http://www.kegg.jp/dbget-bin/www_bget?hsa:10201+hsa:221264+hsa:29922+hsa:4830+hsa:4831+hsa:4832+hsa:4833+hsa:654364">
        <graphics name="NME6, IPIA-ALPHA, NDK_6, NM23-H6..." fgcolor="#000000" bgcolor="#BFFFBF"
             type="rectangle" x="391" y="644" width="46" height="17"/>
    </entry>
    <entry id="150" name="hsa:1841" type="gene" reaction="rn:R02098"
        link="http://www.kegg.jp/dbget-bin/www_bget?hsa:1841">
        <graphics name="DTYMK, CDC8, PP3731, TMPK, TYMK" fgcolor="#000000" bgcolor="#BFFFBF"
             type="rectangle" x="504" y="652" width="46" height="17"/>
    </entry>
    <entry id="151" name="hsa:7083 hsa:7084" type="gene" reaction="rn:R02099"
        link="http://www.kegg.jp/dbget-bin/www_bget?hsa:7083+hsa:7084">
        <graphics name="TK1, TK2..." fgcolor="#000000" bgcolor="#BFFFBF"
             type="rectangle" x="633" y="652" width="46" height="17"/>
    </entry>
    <entry id="152" name="hsa:978" type="gene" reaction="rn:R02485"
        link="http://www.kegg.jp/dbget-bin/www_bget?hsa:978">
        <graphics name="CDA, CDD" fgcolor="#000000" bgcolor="#BFFFBF"
             type="rectangle" x="693" y="584" width="46" height="17"/>
    </entry>
    <entry id="153" name="ko:K00756" type="ortholog" reaction="rn:R02484"
        link="http://www.kegg.jp/dbget-bin/www_bget?K00756">
        <graphics name="K00756" fgcolor="#000000" bgcolor="#FFFFFF"
             type="rectangle" x="761" y="594" width="46" height="17"/>
    </entry>
    <entry id="154" name="hsa:4860" type="gene" reaction="rn:R02484"
        link="http://www.kegg.jp/dbget-bin/www_bget?hsa:4860">
        <graphics name="PNP, NP, PRO1837, PUNP" fgcolor="#000000" bgcolor="#BFFFBF"
             type="rectangle" x="761" y="642" width="46" height="17"/>
    </entry>
    <entry id="155" name="hsa:1890" type="gene" reaction="rn:R02484"
        link="http://www.kegg.jp/dbget-bin/www_bget?hsa:1890">
        <graphics name="TYMP, ECGF, ECGF1, MEDPS1, MNGIE, MTDPS1, PDECGF, TP, hPD-ECGF" fgcolor="#000000" bgcolor="#BFFFBF"
             type="rectangle" x="761" y="663" width="46" height="17"/>
    </entry>
    <entry id="156" name="hsa:7298" type="gene" reaction="rn:R02101"
        link="http://www.kegg.jp/dbget-bin/www_bget?hsa:7298">
        <graphics name="TYMS, HST422, TMS, TS" fgcolor="#000000" bgcolor="#BFFFBF"
             type="rectangle" x="538" y="716" width="46" height="17"/>
    </entry>
    <entry id="157" name="hsa:10714 hsa:23649 hsa:54107 hsa:5422 hsa:5424 hsa:5425 hsa:5426 hsa:5427 hsa:5557 hsa:5558 hsa:56655 hsa:57804" type="gene" reaction="rn:R00378"
        link="http://www.kegg.jp/dbget-bin/www_bget?hsa:10714+hsa:23649+hsa:54107+hsa:5422+hsa:5424+hsa:5425+hsa:5426+hsa:5427+hsa:5557+hsa:5558+hsa:56655+hsa:57804">
        <graphics name="POLD3, P66, P68, PPP1R128..." fgcolor="#000000" bgcolor="#BFFFBF"
             type="rectangle" x="284" y="782" width="46" height="17"/>
    </entry>
    <entry id="158" name="hsa:10201 hsa:221264 hsa:29922 hsa:4830 hsa:4831 hsa:4832 hsa:4833 hsa:654364" type="gene" reaction="rn:R02093"
        link="http://www.kegg.jp/dbget-bin/www_bget?hsa:10201+hsa:221264+hsa:29922+hsa:4830+hsa:4831+hsa:4832+hsa:4833+hsa:654364">
        <graphics name="NME6, IPIA-ALPHA, NDK_6, NM23-H6..." fgcolor="#000000" bgcolor="#BFFFBF"
             type="rectangle" x="393" y="781" width="46" height="17"/>
    </entry>
    <entry id="159" name="hsa:377841 hsa:953 hsa:956" type="gene" reaction="rn:R02095"
        link="http://www.kegg.jp/dbget-bin/www_bget?hsa:377841+hsa:953+hsa:956">
        <graphics name="ENTPD8, E-NTPDase, GLSR2492, NTPDase-8, UNQ2492..." fgcolor="#000000" bgcolor="#BFFFBF"
             type="rectangle" x="393" y="808" width="46" height="17"/>
    </entry>
    <entry id="161" name="hsa:1841" type="gene" reaction="rn:R02094"
        link="http://www.kegg.jp/dbget-bin/www_bget?hsa:1841">
        <graphics name="DTYMK, CDC8, PP3731, TMPK, TYMK" fgcolor="#000000" bgcolor="#BFFFBF"
             type="rectangle" x="506" y="772" width="46" height="17"/>
    </entry>
    <entry id="162" name="hsa:377841 hsa:953 hsa:956" type="gene" reaction="rn:R02092"
        link="http://www.kegg.jp/dbget-bin/www_bget?hsa:377841+hsa:953+hsa:956">
        <graphics name="ENTPD8, E-NTPDase, GLSR2492, NTPDase-8, UNQ2492..." fgcolor="#000000" bgcolor="#BFFFBF"
             type="rectangle" x="506" y="791" width="46" height="17"/>
    </entry>
    <entry id="163" name="hsa:100526794 hsa:115024 hsa:22978 hsa:30833 hsa:4907 hsa:51251 hsa:56953 hsa:84618 hsa:93034" type="gene" reaction="rn:R01569"
        link="http://www.kegg.jp/dbget-bin/www_bget?hsa:100526794+hsa:115024+hsa:22978+hsa:30833+hsa:4907+hsa:51251+hsa:56953+hsa:84618+hsa:93034">
        <graphics name="NT5C1B-RDH14..." fgcolor="#000000" bgcolor="#BFFFBF"
             type="rectangle" x="633" y="739" width="46" height="17"/>
    </entry>
    <entry id="164" name="hsa:7083 hsa:7084" type="gene" reaction="rn:R01567"
        link="http://www.kegg.jp/dbget-bin/www_bget?hsa:7083+hsa:7084">
        <graphics name="TK1, TK2..." fgcolor="#000000" bgcolor="#BFFFBF"
             type="rectangle" x="633" y="782" width="46" height="17"/>
    </entry>
    <entry id="165" name="ko:K08728" type="ortholog" reaction="rn:R02806"
        link="http://www.kegg.jp/dbget-bin/www_bget?K08728">
        <graphics name="K08728" fgcolor="#000000" bgcolor="#FFFFFF"
             type="rectangle" x="761" y="772" width="46" height="17"/>
    </entry>
    <entry id="166" name="hsa:1890" type="gene" reaction="rn:R01570"
        link="http://www.kegg.jp/dbget-bin/www_bget?hsa:1890">
        <graphics name="TYMP, ECGF, ECGF1, MEDPS1, MNGIE, MTDPS1, PDECGF, TP, hPD-ECGF" fgcolor="#000000" bgcolor="#BFFFBF"
             type="rectangle" x="761" y="791" width="46" height="17"/>
    </entry>
    <entry id="167" name="ko:K01485" type="ortholog" reaction="rn:R01411"
        link="http://www.kegg.jp/dbget-bin/www_bget?K01485">
        <graphics name="K01485" fgcolor="#000000" bgcolor="#FFFFFF"
             type="rectangle" x="808" y="718" width="46" height="17"/>
    </entry>
    <entry id="169" name="ko:K17722 ko:K17723" type="ortholog" reaction="rn:R11026"
        link="http://www.kegg.jp/dbget-bin/www_bget?K17722+K17723">
        <graphics name="K17722..." fgcolor="#000000" bgcolor="#FFFFFF"
             type="rectangle" x="906" y="771" width="46" height="17"/>
    </entry>
    <entry id="170" name="hsa:1806" type="gene" reaction="rn:R01415"
        link="http://www.kegg.jp/dbget-bin/www_bget?hsa:1806">
        <graphics name="DPYD, DHP, DHPDHASE, DPD" fgcolor="#000000" bgcolor="#BFFFBF"
             type="rectangle" x="906" y="792" width="46" height="17"/>
    </entry>
    <entry id="171" name="ko:K19794" type="ortholog" reaction="rn:R10777"
        link="http://www.kegg.jp/dbget-bin/www_bget?K19794">
        <graphics name="K19794" fgcolor="#000000" bgcolor="#FFFFFF"
             type="rectangle" x="1015" y="704" width="46" height="17"/>
    </entry>
    <entry id="172" name="hsa:1807" type="gene" reaction="rn:R03055"
        link="http://www.kegg.jp/dbget-bin/www_bget?hsa:1807">
        <graphics name="DPYS, DHP, DHPase" fgcolor="#000000" bgcolor="#BFFFBF"
             type="rectangle" x="1015" y="782" width="46" height="17"/>
    </entry>
    <entry id="173" name="hsa:51733" type="gene" reaction="rn:R04666"
        link="http://www.kegg.jp/dbget-bin/www_bget?hsa:51733">
        <graphics name="UPB1, BUP1" fgcolor="#000000" bgcolor="#BFFFBF"
             type="rectangle" x="1110" y="782" width="46" height="17"/>
    </entry>
    <entry id="174" name="hsa:1723" type="gene" reaction="rn:R01868"
        link="http://www.kegg.jp/dbget-bin/www_bget?hsa:1723">
        <graphics name="DHODH, DHOdehase, POADS, URA1" fgcolor="#000000" bgcolor="#BFFFBF"
             type="rectangle" x="290" y="173" width="46" height="17"/>
    </entry>
    <entry id="175" name="hsa:79077" type="gene" reaction="rn:R01667"
        link="http://www.kegg.jp/dbget-bin/www_bget?hsa:79077">
        <graphics name="DCTPP1, CDA03, RS21C6, XTP3TPA" fgcolor="#000000" bgcolor="#BFFFBF"
             type="rectangle" x="504" y="547" width="46" height="17"/>
    </entry>
    <entry id="176" name="ko:K16329 ko:K16330" type="ortholog" reaction="rn:R01055"
        link="http://www.kegg.jp/dbget-bin/www_bget?K16329+K16330">
        <graphics name="K16329..." fgcolor="#000000" bgcolor="#FFFFFF"
             type="rectangle" x="904" y="184" width="46" height="17"/>
    </entry>
    <entry id="177" name="ko:K16328 ko:K16330" type="ortholog" reaction="rn:R03315"
        link="http://www.kegg.jp/dbget-bin/www_bget?K16328+K16330">
        <graphics name="K16328..." fgcolor="#000000" bgcolor="#FFFFFF"
             type="rectangle" x="1013" y="184" width="46" height="17"/>
    </entry>
    <entry id="178" name="hsa:7372" type="gene" reaction="rn:R00965"
        link="http://www.kegg.jp/dbget-bin/www_bget?hsa:7372">
        <graphics name="UMPS, OPRT" fgcolor="#000000" bgcolor="#BFFFBF"
             type="rectangle" x="519" y="154" width="46" height="17"/>
    </entry>
    <entry id="181" name="ko:K01119 ko:K08693" type="ortholog" reaction="rn:R01877"
        link="http://www.kegg.jp/dbget-bin/www_bget?K01119+K08693">
        <graphics name="K01119..." fgcolor="#000000" bgcolor="#FFFFFF"
             type="rectangle" x="694" y="204" width="46" height="17"/>
    </entry>
    <entry id="182" name="ko:K01119 ko:K08693" type="ortholog" reaction="rn:R03538"
        link="http://www.kegg.jp/dbget-bin/www_bget?K01119+K08693">
        <graphics name="K01119..." fgcolor="#000000" bgcolor="#FFFFFF"
             type="rectangle" x="767" y="184" width="46" height="17"/>
    </entry>
    <entry id="183" name="hsa:5167 hsa:5169" type="gene" reaction="rn:R00662"
        link="http://www.kegg.jp/dbget-bin/www_bget?hsa:5167+hsa:5169">
        <graphics name="ENPP1, ARHR2, COLED, M6S1, NPP1, NPPS, PC-1, PCA1, PDNP1..." fgcolor="#000000" bgcolor="#BFFFBF"
             type="rectangle" x="453" y="300" width="46" height="17"/>
    </entry>
    <entry id="185" name="ko:K01119 ko:K08693" type="ortholog" reaction="rn:R02370"
        link="http://www.kegg.jp/dbget-bin/www_bget?K01119+K08693">
        <graphics name="K01119..." fgcolor="#000000" bgcolor="#FFFFFF"
             type="rectangle" x="652" y="440" width="46" height="17"/>
    </entry>
    <entry id="186" name="ko:K01119 ko:K08693" type="ortholog" reaction="rn:R03929"
        link="http://www.kegg.jp/dbget-bin/www_bget?K01119+K08693">
        <graphics name="K01119..." fgcolor="#000000" bgcolor="#FFFFFF"
             type="rectangle" x="531" y="440" width="46" height="17"/>
    </entry>
    <entry id="187" name="hsa:318" type="gene" reaction="rn:R00969"
        link="http://www.kegg.jp/dbget-bin/www_bget?hsa:318">
        <graphics name="NUDT2, APAH1" fgcolor="#000000" bgcolor="#BFFFBF"
             type="rectangle" x="394" y="182" width="46" height="17"/>
    </entry>
    <entry id="188" name="cpd:C00438" type="compound"
        link="http://www.kegg.jp/dbget-bin/www_bget?C00438">
        <graphics name="C00438" fgcolor="#000000" bgcolor="#FFFFFF"
             type="circle" x="128" y="153" width="8" height="8"/>
    </entry>
    <entry id="189" name="cpd:C00169" type="compound"
        link="http://www.kegg.jp/dbget-bin/www_bget?C00169">
        <graphics name="C00169" fgcolor="#000000" bgcolor="#FFFFFF"
             type="circle" x="128" y="225" width="8" height="8"/>
    </entry>
    <entry id="190" name="cpd:C00337" type="compound"
        link="http://www.kegg.jp/dbget-bin/www_bget?C00337">
        <graphics name="C00337" fgcolor="#000000" bgcolor="#FFFFFF"
             type="circle" x="230" y="153" width="8" height="8"/>
    </entry>
    <entry id="191" name="cpd:C00119" type="compound"
        link="http://www.kegg.jp/dbget-bin/www_bget?C00119">
        <graphics name="C00119" fgcolor="#000000" bgcolor="#FFFFFF"
             type="circle" x="389" y="104" width="8" height="8"/>
    </entry>
    <entry id="192" name="cpd:C01103" type="compound"
        link="http://www.kegg.jp/dbget-bin/www_bget?C01103">
        <graphics name="C01103" fgcolor="#000000" bgcolor="#FFFFFF"
             type="circle" x="473" y="153" width="8" height="8"/>
    </entry>
    <entry id="193" name="cpd:C00075" type="compound"
        link="http://www.kegg.jp/dbget-bin/www_bget?C00075">
        <graphics name="C00075" fgcolor="#000000" bgcolor="#FFFFFF"
             type="circle" x="334" y="236" width="8" height="8"/>
    </entry>
    <entry id="194" name="cpd:C00015" type="compound"
        link="http://www.kegg.jp/dbget-bin/www_bget?C00015">
        <graphics name="C00015" fgcolor="#000000" bgcolor="#FFFFFF"
             type="circle" x="446" y="236" width="8" height="8"/>
    </entry>
    <entry id="195" name="cpd:C00105" type="compound"
        link="http://www.kegg.jp/dbget-bin/www_bget?C00105">
        <graphics name="C00105" fgcolor="#000000" bgcolor="#FFFFFF"
             type="circle" x="563" y="236" width="8" height="8"/>
    </entry>
    <entry id="196" name="cpd:C00299" type="compound"
        link="http://www.kegg.jp/dbget-bin/www_bget?C00299">
        <graphics name="C00299" fgcolor="#000000" bgcolor="#FFFFFF"
             type="circle" x="693" y="236" width="8" height="8"/>
    </entry>
    <entry id="197" name="cpd:C00106" type="compound"
        link="http://www.kegg.jp/dbget-bin/www_bget?C00106">
        <graphics name="C00106" fgcolor="#000000" bgcolor="#FFFFFF"
             type="circle" x="849" y="236" width="8" height="8"/>
    </entry>
    <entry id="198" name="cpd:C00046" type="compound"
        link="http://www.kegg.jp/dbget-bin/www_bget?C00046">
        <graphics name="C00046" fgcolor="#000000" bgcolor="#FFFFFF"
             type="circle" x="233" y="380" width="8" height="8"/>
    </entry>
    <entry id="199" name="cpd:C00063" type="compound"
        link="http://www.kegg.jp/dbget-bin/www_bget?C00063">
        <graphics name="C00063" fgcolor="#000000" bgcolor="#FFFFFF"
             type="circle" x="334" y="380" width="8" height="8"/>
    </entry>
    <entry id="200" name="cpd:C00039" type="compound"
        link="http://www.kegg.jp/dbget-bin/www_bget?C00039">
        <graphics name="C00039" fgcolor="#000000" bgcolor="#FFFFFF"
             type="circle" x="233" y="781" width="8" height="8"/>
    </entry>
    <entry id="201" name="cpd:C00459" type="compound"
        link="http://www.kegg.jp/dbget-bin/www_bget?C00459">
        <graphics name="C00459" fgcolor="#000000" bgcolor="#FFFFFF"
             type="circle" x="334" y="781" width="8" height="8"/>
    </entry>
    <entry id="202" name="cpd:C00363" type="compound"
        link="http://www.kegg.jp/dbget-bin/www_bget?C00363">
        <graphics name="C00363" fgcolor="#000000" bgcolor="#FFFFFF"
             type="circle" x="450" y="781" width="8" height="8"/>
    </entry>
    <entry id="203" name="cpd:C00364" type="compound"
        link="http://www.kegg.jp/dbget-bin/www_bget?C00364">
        <graphics name="C00364" fgcolor="#000000" bgcolor="#FFFFFF"
             type="circle" x="563" y="781" width="8" height="8"/>
    </entry>
    <entry id="204" name="cpd:C00214" type="compound"
        link="http://www.kegg.jp/dbget-bin/www_bget?C00214">
        <graphics name="C00214" fgcolor="#000000" bgcolor="#FFFFFF"
             type="circle" x="693" y="781" width="8" height="8"/>
    </entry>
    <entry id="205" name="cpd:C00672" type="compound"
        link="http://www.kegg.jp/dbget-bin/www_bget?C00672">
        <graphics name="C00672" fgcolor="#000000" bgcolor="#FFFFFF"
             type="circle" x="816" y="820" width="8" height="8"/>
    </entry>
    <entry id="206" name="cpd:C05281" type="compound"
        link="http://www.kegg.jp/dbget-bin/www_bget?C05281">
        <graphics name="C05281" fgcolor="#000000" bgcolor="#FFFFFF"
             type="circle" x="963" y="703" width="8" height="8"/>
    </entry>
    <entry id="207" name="cpd:C20846" type="compound"
        link="http://www.kegg.jp/dbget-bin/www_bget?C20846">
        <graphics name="C20846" fgcolor="#000000" bgcolor="#FFFFFF"
             type="circle" x="1063" y="703" width="8" height="8"/>
    </entry>
    <entry id="208" name="cpd:C00178" type="compound"
        link="http://www.kegg.jp/dbget-bin/www_bget?C00178">
        <graphics name="C00178" fgcolor="#000000" bgcolor="#FFFFFF"
             type="circle" x="849" y="781" width="8" height="8"/>
    </entry>
    <entry id="209" name="cpd:C02376" type="compound"
        link="http://www.kegg.jp/dbget-bin/www_bget?C02376">
        <graphics name="C02376" fgcolor="#000000" bgcolor="#FFFFFF"
             type="circle" x="756" y="717" width="8" height="8"/>
    </entry>
    <entry id="210" name="cpd:C21028" type="compound"
        link="http://www.kegg.jp/dbget-bin/www_bget?C21028">
        <graphics name="C21028" fgcolor="#000000" bgcolor="#FFFFFF"
             type="circle" x="963" y="781" width="8" height="8"/>
    </entry>
    <entry id="211" name="cpd:C21029" type="compound"
        link="http://www.kegg.jp/dbget-bin/www_bget?C21029">
        <graphics name="C21029" fgcolor="#000000" bgcolor="#FFFFFF"
             type="circle" x="1063" y="781" width="8" height="8"/>
    </entry>
    <entry id="212" name="cpd:C01205" type="compound"
        link="http://www.kegg.jp/dbget-bin/www_bget?C01205">
        <graphics name="C01205" fgcolor="#000000" bgcolor="#FFFFFF"
             type="circle" x="1168" y="781" width="8" height="8"/>
    </entry>
    <entry id="213" name="cpd:C00383" type="compound"
        link="http://www.kegg.jp/dbget-bin/www_bget?C00383">
        <graphics name="C00383" fgcolor="#000000" bgcolor="#FFFFFF"
             type="circle" x="1166" y="308" width="8" height="8"/>
    </entry>
    <entry id="214" name="cpd:C00086" type="compound"
        link="http://www.kegg.jp/dbget-bin/www_bget?C00086">
        <graphics name="C00086" fgcolor="#000000" bgcolor="#FFFFFF"
             type="circle" x="1145" y="345" width="8" height="8"/>
    </entry>
    <entry id="215" name="cpd:C00813" type="compound"
        link="http://www.kegg.jp/dbget-bin/www_bget?C00813">
        <graphics name="C00813" fgcolor="#000000" bgcolor="#FFFFFF"
             type="circle" x="961" y="308" width="8" height="8"/>
    </entry>
    <entry id="216" name="cpd:C00099" type="compound"
        link="http://www.kegg.jp/dbget-bin/www_bget?C00099">
        <graphics name="C00099" fgcolor="#000000" bgcolor="#FFFFFF"
             type="circle" x="1166" y="236" width="8" height="8"/>
    </entry>
    <entry id="217" name="cpd:C02642" type="compound"
        link="http://www.kegg.jp/dbget-bin/www_bget?C02642">
        <graphics name="C02642" fgcolor="#000000" bgcolor="#FFFFFF"
             type="circle" x="1061" y="236" width="8" height="8"/>
    </entry>
    <entry id="218" name="cpd:C00429" type="compound"
        link="http://www.kegg.jp/dbget-bin/www_bget?C00429">
        <graphics name="C00429" fgcolor="#000000" bgcolor="#FFFFFF"
             type="circle" x="961" y="236" width="8" height="8"/>
    </entry>
    <entry id="219" name="cpd:C00380" type="compound"
        link="http://www.kegg.jp/dbget-bin/www_bget?C00380">
        <graphics name="C00380" fgcolor="#000000" bgcolor="#FFFFFF"
             type="circle" x="780" y="381" width="8" height="8"/>
    </entry>
    <entry id="220" name="cpd:C00475" type="compound"
        link="http://www.kegg.jp/dbget-bin/www_bget?C00475">
        <graphics name="C00475" fgcolor="#000000" bgcolor="#FFFFFF"
             type="circle" x="693" y="381" width="8" height="8"/>
    </entry>
    <entry id="221" name="cpd:C00055" type="compound"
        link="http://www.kegg.jp/dbget-bin/www_bget?C00055">
        <graphics name="C00055" fgcolor="#000000" bgcolor="#FFFFFF"
             type="circle" x="563" y="381" width="8" height="8"/>
    </entry>
    <entry id="222" name="cpd:C00112" type="compound"
        link="http://www.kegg.jp/dbget-bin/www_bget?C00112">
        <graphics name="C00112" fgcolor="#000000" bgcolor="#FFFFFF"
             type="circle" x="450" y="381" width="8" height="8"/>
    </entry>
    <entry id="223" name="cpd:C00015" type="compound"
        link="http://www.kegg.jp/dbget-bin/www_bget?C00015">
        <graphics name="C00015" fgcolor="#000000" bgcolor="#FFFFFF"
             type="circle" x="450" y="749" width="8" height="8"/>
    </entry>
    <entry id="224" name="cpd:C00460" type="compound"
        link="http://www.kegg.jp/dbget-bin/www_bget?C00460">
        <graphics name="C00460" fgcolor="#000000" bgcolor="#FFFFFF"
             type="circle" x="334" y="652" width="8" height="8"/>
    </entry>
    <entry id="225" name="cpd:C01346" type="compound"
        link="http://www.kegg.jp/dbget-bin/www_bget?C01346">
        <graphics name="C01346" fgcolor="#000000" bgcolor="#FFFFFF"
             type="circle" x="450" y="652" width="8" height="8"/>
    </entry>
    <entry id="226" name="cpd:C00365" type="compound"
        link="http://www.kegg.jp/dbget-bin/www_bget?C00365">
        <graphics name="C00365" fgcolor="#000000" bgcolor="#FFFFFF"
             type="circle" x="563" y="652" width="8" height="8"/>
    </entry>
    <entry id="227" name="cpd:C00526" type="compound"
        link="http://www.kegg.jp/dbget-bin/www_bget?C00526">
        <graphics name="C00526" fgcolor="#000000" bgcolor="#FFFFFF"
             type="circle" x="693" y="652" width="8" height="8"/>
    </entry>
    <entry id="228" name="cpd:C00881" type="compound"
        link="http://www.kegg.jp/dbget-bin/www_bget?C00881">
        <graphics name="C00881" fgcolor="#000000" bgcolor="#FFFFFF"
             type="circle" x="693" y="514" width="8" height="8"/>
    </entry>
    <entry id="229" name="cpd:C00239" type="compound"
        link="http://www.kegg.jp/dbget-bin/www_bget?C00239">
        <graphics name="C00239" fgcolor="#000000" bgcolor="#FFFFFF"
             type="circle" x="563" y="514" width="8" height="8"/>
    </entry>
    <entry id="230" name="cpd:C00705" type="compound"
        link="http://www.kegg.jp/dbget-bin/www_bget?C00705">
        <graphics name="C00705" fgcolor="#000000" bgcolor="#FFFFFF"
             type="circle" x="450" y="514" width="8" height="8"/>
    </entry>
    <entry id="231" name="cpd:C00458" type="compound"
        link="http://www.kegg.jp/dbget-bin/www_bget?C00458">
        <graphics name="C00458" fgcolor="#000000" bgcolor="#FFFFFF"
             type="circle" x="334" y="514" width="8" height="8"/>
    </entry>
    <entry id="232" name="cpd:C03997" type="compound"
        link="http://www.kegg.jp/dbget-bin/www_bget?C03997">
        <graphics name="C03997" fgcolor="#000000" bgcolor="#FFFFFF"
             type="circle" x="647" y="474" width="8" height="8"/>
    </entry>
    <entry id="233" name="cpd:C11038" type="compound"
        link="http://www.kegg.jp/dbget-bin/www_bget?C11038">
        <graphics name="C11038" fgcolor="#000000" bgcolor="#FFFFFF"
             type="circle" x="725" y="474" width="8" height="8"/>
    </entry>
    <entry id="234" name="cpd:C11039" type="compound"
        link="http://www.kegg.jp/dbget-bin/www_bget?C11039">
        <graphics name="C11039" fgcolor="#000000" bgcolor="#FFFFFF"
             type="circle" x="803" y="474" width="8" height="8"/>
    </entry>
    <entry id="235" name="cpd:C01168" type="compound"
        link="http://www.kegg.jp/dbget-bin/www_bget?C01168">
        <graphics name="C01168" fgcolor="#000000" bgcolor="#FFFFFF"
             type="circle" x="961" y="183" width="8" height="8"/>
    </entry>
    <entry id="236" name="cpd:C02067" type="compound"
        link="http://www.kegg.jp/dbget-bin/www_bget?C02067">
        <graphics name="C02067" fgcolor="#000000" bgcolor="#FFFFFF"
             type="circle" x="1061" y="183" width="8" height="8"/>
    </entry>
    <entry id="237" name="cpd:C00295" type="compound"
        link="http://www.kegg.jp/dbget-bin/www_bget?C00295">
        <graphics name="C00295" fgcolor="#000000" bgcolor="#FFFFFF"
             type="circle" x="347" y="153" width="8" height="8"/>
    </entry>
    <entry id="238" name="cpd:C00075" type="compound"
        link="http://www.kegg.jp/dbget-bin/www_bget?C00075">
        <graphics name="C00075" fgcolor="#000000" bgcolor="#FFFFFF"
             type="circle" x="655" y="160" width="8" height="8"/>
    </entry>
    <entry id="239" name="cpd:C00029" type="compound"
        link="http://www.kegg.jp/dbget-bin/www_bget?C00029">
        <graphics name="C00029" fgcolor="#000000" bgcolor="#FFFFFF"
             type="circle" x="655" y="134" width="8" height="8"/>
    </entry>
    <entry id="240" name="cpd:C01368" type="compound"
        link="http://www.kegg.jp/dbget-bin/www_bget?C01368">
        <graphics name="C01368" fgcolor="#000000" bgcolor="#FFFFFF"
             type="circle" x="720" y="183" width="8" height="8"/>
    </entry>
    <entry id="241" name="cpd:C02355" type="compound"
        link="http://www.kegg.jp/dbget-bin/www_bget?C02355">
        <graphics name="C02355" fgcolor="#000000" bgcolor="#FFFFFF"
             type="circle" x="811" y="183" width="8" height="8"/>
    </entry>
    <entry id="242" name="cpd:C02354" type="compound"
        link="http://www.kegg.jp/dbget-bin/www_bget?C02354">
        <graphics name="C02354" fgcolor="#000000" bgcolor="#FFFFFF"
             type="circle" x="492" y="439" width="8" height="8"/>
    </entry>
    <entry id="243" name="cpd:C06198" type="compound"
        link="http://www.kegg.jp/dbget-bin/www_bget?C06198">
        <graphics name="C06198" fgcolor="#000000" bgcolor="#FFFFFF"
             type="circle" x="446" y="181" width="8" height="8"/>
    </entry>
    <entry id="244" name="cpd:C05822" type="compound"
        link="http://www.kegg.jp/dbget-bin/www_bget?C05822">
        <graphics name="C05822" fgcolor="#000000" bgcolor="#FFFFFF"
             type="circle" x="579" y="439" width="8" height="8"/>
    </entry>
    <entry id="258" name="cpd:C20231" type="compound"
        link="http://www.kegg.jp/dbget-bin/www_bget?C20231">
        <graphics name="C20231" fgcolor="#000000" bgcolor="#FFFFFF"
             type="circle" x="955" y="430" width="8" height="8"/>
    </entry>
    <entry id="259" name="ko:K09018 ko:K09024" type="ortholog" reaction="rn:R09936"
        link="http://www.kegg.jp/dbget-bin/www_bget?K09018+K09024">
        <graphics name="K09018..." fgcolor="#000000" bgcolor="#FFFFFF"
             type="rectangle" x="905" y="431" width="46" height="17"/>
    </entry>
    <entry id="260" name="ko:K09020" type="ortholog" reaction="rn:R09947"
        link="http://www.kegg.jp/dbget-bin/www_bget?K09020">
        <graphics name="K09020" fgcolor="#000000" bgcolor="#FFFFFF"
             type="rectangle" x="1000" y="431" width="46" height="17"/>
    </entry>
    <entry id="261" name="cpd:C20249" type="compound"
        link="http://www.kegg.jp/dbget-bin/www_bget?C20249">
        <graphics name="C20249" fgcolor="#000000" bgcolor="#FFFFFF"
             type="circle" x="1053" y="430" width="8" height="8"/>
    </entry>
    <entry id="262" name="cpd:C01563" type="compound"
        link="http://www.kegg.jp/dbget-bin/www_bget?C01563">
        <graphics name="C01563" fgcolor="#000000" bgcolor="#FFFFFF"
             type="circle" x="1034" y="401" width="8" height="8"/>
    </entry>
    <entry id="264" name="cpd:C00222" type="compound"
        link="http://www.kegg.jp/dbget-bin/www_bget?C00222">
        <graphics name="C00222" fgcolor="#000000" bgcolor="#FFFFFF"
             type="circle" x="1235" y="430" width="8" height="8"/>
    </entry>
    <entry id="266" name="ko:K16066" type="ortholog" reaction="rn:R09289"
        link="http://www.kegg.jp/dbget-bin/www_bget?K16066">
        <graphics name="K16066" fgcolor="#000000" bgcolor="#FFFFFF"
             type="rectangle" x="1277" y="420" width="46" height="17"/>
    </entry>
    <entry id="267" name="cpd:C01013" type="compound"
        link="http://www.kegg.jp/dbget-bin/www_bget?C01013">
        <graphics name="C01013" fgcolor="#000000" bgcolor="#FFFFFF"
             type="circle" x="1326" y="430" width="8" height="8"/>
    </entry>
    <entry id="268" name="ko:K09021" type="ortholog" reaction="rn:R09982"
        link="http://www.kegg.jp/dbget-bin/www_bget?K09021">
        <graphics name="K09021" fgcolor="#000000" bgcolor="#FFFFFF"
             type="rectangle" x="1095" y="431" width="46" height="17"/>
    </entry>
    <entry id="269" name="cpd:C20253" type="compound"
        link="http://www.kegg.jp/dbget-bin/www_bget?C20253">
        <graphics name="C20253" fgcolor="#000000" bgcolor="#FFFFFF"
             type="circle" x="1144" y="430" width="8" height="8"/>
    </entry>
    <entry id="271" name="ko:K09023" type="ortholog" reaction="rn:R09983"
        link="http://www.kegg.jp/dbget-bin/www_bget?K09023">
        <graphics name="K09023" fgcolor="#000000" bgcolor="#FFFFFF"
             type="rectangle" x="1186" y="431" width="46" height="17"/>
    </entry>
    <entry id="272" name="ko:K09019" type="ortholog" reaction="rn:R09289"
        link="http://www.kegg.jp/dbget-bin/www_bget?K09019">
        <graphics name="K09019" fgcolor="#000000" bgcolor="#FFFFFF"
             type="rectangle" x="1277" y="441" width="46" height="17"/>
    </entry>
    <entry id="274" name="cpd:C20254" type="compound"
        link="http://www.kegg.jp/dbget-bin/www_bget?C20254">
        <graphics name="C20254" fgcolor="#000000" bgcolor="#FFFFFF"
             type="circle" x="955" y="375" width="8" height="8"/>
    </entry>
    <entry id="276" name="ko:K09020" type="ortholog" reaction="rn:R09980"
        link="http://www.kegg.jp/dbget-bin/www_bget?K09020">
        <graphics name="K09020" fgcolor="#000000" bgcolor="#FFFFFF"
             type="rectangle" x="1000" y="376" width="46" height="17"/>
    </entry>
    <entry id="277" name="hsa:151531 hsa:7378" type="gene" reaction="rn:R02484"
        link="http://www.kegg.jp/dbget-bin/www_bget?hsa:151531+hsa:7378">
        <graphics name="UPP2, UDRPASE2, UP2, UPASE2..." fgcolor="#000000" bgcolor="#BFFFBF"
             type="rectangle" x="761" y="615" width="46" height="17"/>
    </entry>
    <entry id="278" name="hsa:100526794 hsa:115024 hsa:22978 hsa:30833 hsa:4907 hsa:51251 hsa:56953 hsa:84618 hsa:93034" type="gene" reaction="rn:R02102"
        link="http://www.kegg.jp/dbget-bin/www_bget?hsa:100526794+hsa:115024+hsa:22978+hsa:30833+hsa:4907+hsa:51251+hsa:56953+hsa:84618+hsa:93034">
        <graphics name="NT5C1B-RDH14..." fgcolor="#000000" bgcolor="#BFFFBF"
             type="rectangle" x="633" y="674" width="46" height="17"/>
    </entry>
    <entry id="279" name="path:hsa00220" type="map"
        link="http://www.kegg.jp/dbget-bin/www_bget?hsa00220">
        <graphics name="Arginine biosynthesis" fgcolor="#000000" bgcolor="#FFFFFF"
             type="roundrectangle" x="57" y="298" width="79" height="34"/>
    </entry>
    <entry id="280" name="ko:K08722" type="ortholog" reaction="rn:R01569"
        link="http://www.kegg.jp/dbget-bin/www_bget?K08722">
        <graphics name="K08722" fgcolor="#000000" bgcolor="#FFFFFF"
             type="rectangle" x="633" y="760" width="46" height="17"/>
    </entry>
    <entry id="282" name="ko:K19797" type="ortholog" reaction="rn:R00140"
        link="http://www.kegg.jp/dbget-bin/www_bget?K19797">
        <graphics name="K19797" fgcolor="#000000" bgcolor="#FFFFFF"
             type="rectangle" x="682" y="475" width="46" height="17"/>
    </entry>
    <entry id="283" name="hsa:10201 hsa:29922 hsa:4830 hsa:4831 hsa:4832 hsa:4833 hsa:654364" type="gene" reaction="rn:R00139"
        link="http://www.kegg.jp/dbget-bin/www_bget?hsa:10201+hsa:29922+hsa:4830+hsa:4831+hsa:4832+hsa:4833+hsa:654364">
        <graphics name="NME6, IPIA-ALPHA, NDK_6, NM23-H6..." fgcolor="#000000" bgcolor="#BFFFBF"
             type="rectangle" x="760" y="475" width="46" height="17"/>
    </entry>
    <entry id="285" name="cpd:C21031" type="compound"
        link="http://www.kegg.jp/dbget-bin/www_bget?C21031">
        <graphics name="C21031" fgcolor="#000000" bgcolor="#FFFFFF"
             type="circle" x="803" y="530" width="8" height="8"/>
    </entry>
    <entry id="286" name="ko:K18942" type="ortholog" reaction="rn:R11029"
        link="http://www.kegg.jp/dbget-bin/www_bget?K18942">
        <graphics name="K18942" fgcolor="#000000" bgcolor="#FFFFFF"
             type="rectangle" x="803" y="498" width="46" height="17"/>
    </entry>
    <entry id="287" name="ko:K08722" type="ortholog" reaction="rn:R01664"
        link="http://www.kegg.jp/dbget-bin/www_bget?K08722">
        <graphics name="K08722" fgcolor="#000000" bgcolor="#FFFFFF"
             type="rectangle" x="633" y="572" width="46" height="17"/>
    </entry>
    <entry id="290" name="ko:K08722" type="ortholog" reaction="rn:R02102"
        link="http://www.kegg.jp/dbget-bin/www_bget?K08722">
        <graphics name="K08722" fgcolor="#000000" bgcolor="#FFFFFF"
             type="rectangle" x="633" y="695" width="46" height="17"/>
    </entry>
    <entry id="292" name="cpd:C02170" type="compound"
        link="http://www.kegg.jp/dbget-bin/www_bget?C02170">
        <graphics name="C02170" fgcolor="#000000" bgcolor="#FFFFFF"
             type="circle" x="1168" y="703" width="8" height="8"/>
    </entry>
    <entry id="294" name="ko:K19795" type="ortholog" reaction="rn:R10778"
        link="http://www.kegg.jp/dbget-bin/www_bget?K19795">
        <graphics name="K19795" fgcolor="#000000" bgcolor="#FFFFFF"
             type="rectangle" x="1110" y="704" width="46" height="17"/>
    </entry>
    <entry id="295" name="cpd:C00086" type="compound"
        link="http://www.kegg.jp/dbget-bin/www_bget?C00086">
        <graphics name="C00086" fgcolor="#000000" bgcolor="#FFFFFF"
             type="circle" x="1147" y="666" width="8" height="8"/>
    </entry>
    <entry id="297" name="hsa:5167 hsa:5169" type="gene" reaction="rn:R11323"
        link="http://www.kegg.jp/dbget-bin/www_bget?hsa:5167+hsa:5169">
        <graphics name="ENPP1, ARHR2, COLED, M6S1, NPP1, NPPS, PC-1, PCA1, PDNP1..." fgcolor="#000000" bgcolor="#BFFFBF"
             type="rectangle" x="461" y="843" width="46" height="17"/>
    </entry>
    <entry id="299" name="hsa:5167 hsa:5169" type="gene" reaction="rn:R00515"
        link="http://www.kegg.jp/dbget-bin/www_bget?hsa:5167+hsa:5169">
        <graphics name="ENPP1, ARHR2, COLED, M6S1, NPP1, NPPS, PC-1, PCA1, PDNP1..." fgcolor="#000000" bgcolor="#BFFFBF"
             type="rectangle" x="453" y="330" width="46" height="17"/>
    </entry>
    <entry id="300" name="hsa:1854" type="gene" reaction="rn:R02100"
        link="http://www.kegg.jp/dbget-bin/www_bget?hsa:1854">
        <graphics name="DUT, dUTPase" fgcolor="#000000" bgcolor="#BFFFBF"
             type="rectangle" x="446" y="611" width="46" height="17"/>
    </entry>
    <entry id="301" name="ko:K00945 ko:K13799" type="ortholog" reaction="rn:R01665"
        link="http://www.kegg.jp/dbget-bin/www_bget?K00945+K13799">
        <graphics name="K00945..." fgcolor="#000000" bgcolor="#FFFFFF"
             type="rectangle" x="504" y="525" width="46" height="17"/>
    </entry>
    <entry id="302" name="ko:K00945 ko:K13799" type="ortholog" reaction="rn:R00512"
        link="http://www.kegg.jp/dbget-bin/www_bget?K00945+K13799">
        <graphics name="K00945..." fgcolor="#000000" bgcolor="#FFFFFF"
             type="rectangle" x="504" y="392" width="46" height="17"/>
    </entry>
    <entry id="303" name="ko:K21636" type="ortholog" reaction="rn:R11635"
        link="http://www.kegg.jp/dbget-bin/www_bget?K21636">
        <graphics name="K21636" fgcolor="#000000" bgcolor="#FFFFFF"
             type="rectangle" x="227" y="481" width="46" height="17"/>
    </entry>
    <entry id="304" name="ko:K21636" type="ortholog" reaction="rn:R11636"
        link="http://www.kegg.jp/dbget-bin/www_bget?K21636">
        <graphics name="K21636" fgcolor="#000000" bgcolor="#FFFFFF"
             type="rectangle" x="359" y="460" width="46" height="17"/>
    </entry>
    <entry id="305" name="ko:K21057 ko:K22026" type="ortholog" reaction="rn:R00513"
        link="http://www.kegg.jp/dbget-bin/www_bget?K21057+K22026">
        <graphics name="K21057..." fgcolor="#000000" bgcolor="#FFFFFF"
             type="rectangle" x="633" y="362" width="46" height="17"/>
    </entry>
    <relation entry1="91" entry2="97" type="ECrel">
        <subtype name="compound" value="189"/>
    </relation>
    <relation entry1="97" entry2="98" type="ECrel">
        <subtype name="compound" value="188"/>
    </relation>
    <relation entry1="98" entry2="174" type="ECrel">
        <subtype name="compound" value="190"/>
    </relation>
    <relation entry1="101" entry2="174" type="ECrel">
        <subtype name="compound" value="237"/>
    </relation>
    <relation entry1="101" entry2="178" type="ECrel">
        <subtype name="compound" value="192"/>
    </relation>
    <relation entry1="113" entry2="178" type="ECrel">
        <subtype name="compound" value="195"/>
    </relation>
    <relation entry1="114" entry2="178" type="ECrel">
        <subtype name="compound" value="195"/>
    </relation>
    <relation entry1="112" entry2="178" type="ECrel">
        <subtype name="compound" value="195"/>
    </relation>
    <relation entry1="178" entry2="183" type="ECrel">
        <subtype name="compound" value="195"/>
    </relation>
    <relation entry1="111" entry2="178" type="ECrel">
        <subtype name="compound" value="195"/>
    </relation>
    <relation entry1="110" entry2="178" type="ECrel">
        <subtype name="compound" value="195"/>
    </relation>
    <relation entry1="105" entry2="178" type="ECrel">
        <subtype name="compound" value="195"/>
    </relation>
    <relation entry1="112" entry2="113" type="ECrel">
        <subtype name="compound" value="195"/>
    </relation>
    <relation entry1="113" entry2="183" type="ECrel">
        <subtype name="compound" value="195"/>
    </relation>
    <relation entry1="111" entry2="113" type="ECrel">
        <subtype name="compound" value="195"/>
    </relation>
    <relation entry1="110" entry2="113" type="ECrel">
        <subtype name="compound" value="195"/>
    </relation>
    <relation entry1="105" entry2="113" type="ECrel">
        <subtype name="compound" value="195"/>
    </relation>
    <relation entry1="112" entry2="114" type="ECrel">
        <subtype name="compound" value="195"/>
    </relation>
    <relation entry1="114" entry2="183" type="ECrel">
        <subtype name="compound" value="195"/>
    </relation>
    <relation entry1="111" entry2="114" type="ECrel">
        <subtype name="compound" value="195"/>
    </relation>
    <relation entry1="110" entry2="114" type="ECrel">
        <subtype name="compound" value="195"/>
    </relation>
    <relation entry1="105" entry2="114" type="ECrel">
        <subtype name="compound" value="195"/>
    </relation>
    <relation entry1="112" entry2="183" type="ECrel">
        <subtype name="compound" value="195"/>
    </relation>
    <relation entry1="111" entry2="112" type="ECrel">
        <subtype name="compound" value="195"/>
    </relation>
    <relation entry1="110" entry2="112" type="ECrel">
        <subtype name="compound" value="195"/>
    </relation>
    <relation entry1="105" entry2="112" type="ECrel">
        <subtype name="compound" value="195"/>
    </relation>
    <relation entry1="111" entry2="183" type="ECrel">
        <subtype name="compound" value="195"/>
    </relation>
    <relation entry1="110" entry2="183" type="ECrel">
        <subtype name="compound" value="195"/>
    </relation>
    <relation entry1="105" entry2="183" type="ECrel">
        <subtype name="compound" value="195"/>
    </relation>
    <relation entry1="105" entry2="108" type="ECrel">
        <subtype name="compound" value="194"/>
    </relation>
    <relation entry1="104" entry2="105" type="ECrel">
        <subtype name="compound" value="194"/>
    </relation>
    <relation entry1="102" entry2="105" type="ECrel">
        <subtype name="compound" value="194"/>
    </relation>
    <relation entry1="108" entry2="110" type="ECrel">
        <subtype name="compound" value="194"/>
    </relation>
    <relation entry1="104" entry2="110" type="ECrel">
        <subtype name="compound" value="194"/>
    </relation>
    <relation entry1="102" entry2="110" type="ECrel">
        <subtype name="compound" value="194"/>
    </relation>
    <relation entry1="108" entry2="111" type="ECrel">
        <subtype name="compound" value="194"/>
    </relation>
    <relation entry1="104" entry2="111" type="ECrel">
        <subtype name="compound" value="194"/>
    </relation>
    <relation entry1="102" entry2="111" type="ECrel">
        <subtype name="compound" value="194"/>
    </relation>
    <relation entry1="102" entry2="108" type="ECrel">
        <subtype name="compound" value="194"/>
    </relation>
    <relation entry1="102" entry2="104" type="ECrel">
        <subtype name="compound" value="194"/>
    </relation>
    <relation entry1="104" entry2="187" type="ECrel">
        <subtype name="compound" value="193"/>
    </relation>
    <relation entry1="108" entry2="187" type="ECrel">
        <subtype name="compound" value="193"/>
    </relation>
    <relation entry1="183" entry2="187" type="ECrel">
        <subtype name="compound" value="193"/>
    </relation>
    <relation entry1="107" entry2="187" type="ECrel">
        <subtype name="compound" value="193"/>
    </relation>
    <relation entry1="103" entry2="187" type="ECrel">
        <subtype name="compound" value="193"/>
    </relation>
    <relation entry1="104" entry2="183" type="ECrel">
        <subtype name="compound" value="193"/>
    </relation>
    <relation entry1="104" entry2="107" type="ECrel">
        <subtype name="compound" value="193"/>
    </relation>
    <relation entry1="103" entry2="104" type="ECrel">
        <subtype name="compound" value="193"/>
    </relation>
    <relation entry1="108" entry2="183" type="ECrel">
        <subtype name="compound" value="193"/>
    </relation>
    <relation entry1="107" entry2="108" type="ECrel">
        <subtype name="compound" value="193"/>
    </relation>
    <relation entry1="103" entry2="108" type="ECrel">
        <subtype name="compound" value="193"/>
    </relation>
    <relation entry1="107" entry2="183" type="ECrel">
        <subtype name="compound" value="193"/>
    </relation>
    <relation entry1="103" entry2="183" type="ECrel">
        <subtype name="compound" value="193"/>
    </relation>
    <relation entry1="103" entry2="107" type="ECrel">
        <subtype name="compound" value="193"/>
    </relation>
    <relation entry1="102" entry2="103" type="ECrel">
        <subtype name="compound" value="198"/>
    </relation>
    <relation entry1="102" entry2="121" type="ECrel">
        <subtype name="compound" value="198"/>
    </relation>
    <relation entry1="103" entry2="122" type="ECrel">
        <subtype name="compound" value="198"/>
    </relation>
    <relation entry1="121" entry2="122" type="ECrel">
        <subtype name="compound" value="198"/>
    </relation>
    <relation entry1="107" entry2="123" type="ECrel">
        <subtype name="compound" value="199"/>
    </relation>
    <relation entry1="107" entry2="124" type="ECrel">
        <subtype name="compound" value="199"/>
    </relation>
    <relation entry1="107" entry2="121" type="ECrel">
        <subtype name="compound" value="199"/>
    </relation>
    <relation entry1="121" entry2="123" type="ECrel">
        <subtype name="compound" value="199"/>
    </relation>
    <relation entry1="121" entry2="124" type="ECrel">
        <subtype name="compound" value="199"/>
    </relation>
    <relation entry1="122" entry2="123" type="ECrel">
        <subtype name="compound" value="222"/>
    </relation>
    <relation entry1="123" entry2="138" type="ECrel">
        <subtype name="compound" value="222"/>
    </relation>
    <relation entry1="123" entry2="125" type="ECrel">
        <subtype name="compound" value="222"/>
    </relation>
    <relation entry1="123" entry2="126" type="ECrel">
        <subtype name="compound" value="222"/>
    </relation>
    <relation entry1="122" entry2="124" type="ECrel">
        <subtype name="compound" value="222"/>
    </relation>
    <relation entry1="124" entry2="138" type="ECrel">
        <subtype name="compound" value="222"/>
    </relation>
    <relation entry1="124" entry2="125" type="ECrel">
        <subtype name="compound" value="222"/>
    </relation>
    <relation entry1="124" entry2="126" type="ECrel">
        <subtype name="compound" value="222"/>
    </relation>
    <relation entry1="122" entry2="138" type="ECrel">
        <subtype name="compound" value="222"/>
    </relation>
    <relation entry1="122" entry2="125" type="ECrel">
        <subtype name="compound" value="222"/>
    </relation>
    <relation entry1="122" entry2="126" type="ECrel">
        <subtype name="compound" value="222"/>
    </relation>
    <relation entry1="125" entry2="138" type="ECrel">
        <subtype name="compound" value="222"/>
    </relation>
    <relation entry1="126" entry2="138" type="ECrel">
        <subtype name="compound" value="222"/>
    </relation>
    <relation entry1="126" entry2="128" type="ECrel">
        <subtype name="compound" value="221"/>
    </relation>
    <relation entry1="126" entry2="127" type="ECrel">
        <subtype name="compound" value="221"/>
    </relation>
    <relation entry1="125" entry2="128" type="ECrel">
        <subtype name="compound" value="221"/>
    </relation>
    <relation entry1="125" entry2="127" type="ECrel">
        <subtype name="compound" value="221"/>
    </relation>
    <relation entry1="127" entry2="129" type="ECrel">
        <subtype name="compound" value="220"/>
    </relation>
    <relation entry1="128" entry2="129" type="ECrel">
        <subtype name="compound" value="220"/>
    </relation>
    <relation entry1="113" entry2="115" type="ECrel">
        <subtype name="compound" value="196"/>
    </relation>
    <relation entry1="113" entry2="129" type="ECrel">
        <subtype name="compound" value="196"/>
    </relation>
    <relation entry1="114" entry2="115" type="ECrel">
        <subtype name="compound" value="196"/>
    </relation>
    <relation entry1="114" entry2="129" type="ECrel">
        <subtype name="compound" value="196"/>
    </relation>
    <relation entry1="115" entry2="129" type="ECrel">
        <subtype name="compound" value="196"/>
    </relation>
    <relation entry1="112" entry2="115" type="ECrel">
        <subtype name="compound" value="197"/>
    </relation>
    <relation entry1="115" entry2="154" type="ECrel">
        <subtype name="compound" value="197"/>
    </relation>
    <relation entry1="115" entry2="155" type="ECrel">
        <subtype name="compound" value="197"/>
    </relation>
    <relation entry1="115" entry2="118" type="ECrel">
        <subtype name="compound" value="197"/>
    </relation>
    <relation entry1="112" entry2="154" type="ECrel">
        <subtype name="compound" value="197"/>
    </relation>
    <relation entry1="112" entry2="155" type="ECrel">
        <subtype name="compound" value="197"/>
    </relation>
    <relation entry1="112" entry2="118" type="ECrel">
        <subtype name="compound" value="197"/>
    </relation>
    <relation entry1="118" entry2="154" type="ECrel">
        <subtype name="compound" value="197"/>
    </relation>
    <relation entry1="118" entry2="155" type="ECrel">
        <subtype name="compound" value="197"/>
    </relation>
    <relation entry1="118" entry2="119" type="ECrel">
        <subtype name="compound" value="218"/>
    </relation>
    <relation entry1="119" entry2="120" type="ECrel">
        <subtype name="compound" value="217"/>
    </relation>
    <relation entry1="144" entry2="175" type="ECrel">
        <subtype name="compound" value="229"/>
    </relation>
    <relation entry1="147" entry2="175" type="ECrel">
        <subtype name="compound" value="229"/>
    </relation>
    <relation entry1="146" entry2="175" type="ECrel">
        <subtype name="compound" value="229"/>
    </relation>
    <relation entry1="145" entry2="175" type="ECrel">
        <subtype name="compound" value="229"/>
    </relation>
    <relation entry1="142" entry2="144" type="ECrel">
        <subtype name="compound" value="229"/>
    </relation>
    <relation entry1="142" entry2="147" type="ECrel">
        <subtype name="compound" value="229"/>
    </relation>
    <relation entry1="142" entry2="146" type="ECrel">
        <subtype name="compound" value="229"/>
    </relation>
    <relation entry1="142" entry2="145" type="ECrel">
        <subtype name="compound" value="229"/>
    </relation>
    <relation entry1="144" entry2="147" type="ECrel">
        <subtype name="compound" value="229"/>
    </relation>
    <relation entry1="144" entry2="146" type="ECrel">
        <subtype name="compound" value="229"/>
    </relation>
    <relation entry1="144" entry2="145" type="ECrel">
        <subtype name="compound" value="229"/>
    </relation>
    <relation entry1="146" entry2="147" type="ECrel">
        <subtype name="compound" value="229"/>
    </relation>
    <relation entry1="145" entry2="147" type="ECrel">
        <subtype name="compound" value="229"/>
    </relation>
    <relation entry1="145" entry2="152" type="ECrel">
        <subtype name="compound" value="228"/>
    </relation>
    <relation entry1="146" entry2="152" type="ECrel">
        <subtype name="compound" value="228"/>
    </relation>
    <relation entry1="151" entry2="152" type="ECrel">
        <subtype name="compound" value="227"/>
    </relation>
    <relation entry1="151" entry2="154" type="ECrel">
        <subtype name="compound" value="227"/>
    </relation>
    <relation entry1="151" entry2="155" type="ECrel">
        <subtype name="compound" value="227"/>
    </relation>
    <relation entry1="152" entry2="154" type="ECrel">
        <subtype name="compound" value="227"/>
    </relation>
    <relation entry1="152" entry2="155" type="ECrel">
        <subtype name="compound" value="227"/>
    </relation>
    <relation entry1="147" entry2="151" type="ECrel">
        <subtype name="compound" value="226"/>
    </relation>
    <relation entry1="147" entry2="156" type="ECrel">
        <subtype name="compound" value="226"/>
    </relation>
    <relation entry1="147" entry2="150" type="ECrel">
        <subtype name="compound" value="226"/>
    </relation>
    <relation entry1="147" entry2="300" type="ECrel">
        <subtype name="compound" value="226"/>
    </relation>
    <relation entry1="151" entry2="156" type="ECrel">
        <subtype name="compound" value="226"/>
    </relation>
    <relation entry1="150" entry2="151" type="ECrel">
        <subtype name="compound" value="226"/>
    </relation>
    <relation entry1="300" entry2="151" type="ECrel">
        <subtype name="compound" value="226"/>
    </relation>
    <relation entry1="150" entry2="156" type="ECrel">
        <subtype name="compound" value="226"/>
    </relation>
    <relation entry1="300" entry2="156" type="ECrel">
        <subtype name="compound" value="226"/>
    </relation>
    <relation entry1="300" entry2="150" type="ECrel">
        <subtype name="compound" value="226"/>
    </relation>
    <relation entry1="148" entry2="150" type="ECrel">
        <subtype name="compound" value="225"/>
    </relation>
    <relation entry1="148" entry2="84" type="ECrel">
        <subtype name="compound" value="225"/>
    </relation>
    <relation entry1="150" entry2="84" type="ECrel">
        <subtype name="compound" value="225"/>
    </relation>
    <relation entry1="300" entry2="148" type="ECrel">
        <subtype name="compound" value="224"/>
    </relation>
    <relation entry1="157" entry2="158" type="ECrel">
        <subtype name="compound" value="201"/>
    </relation>
    <relation entry1="157" entry2="159" type="ECrel">
        <subtype name="compound" value="201"/>
    </relation>
    <relation entry1="158" entry2="161" type="ECrel">
        <subtype name="compound" value="202"/>
    </relation>
    <relation entry1="158" entry2="162" type="ECrel">
        <subtype name="compound" value="202"/>
    </relation>
    <relation entry1="159" entry2="161" type="ECrel">
        <subtype name="compound" value="202"/>
    </relation>
    <relation entry1="159" entry2="162" type="ECrel">
        <subtype name="compound" value="202"/>
    </relation>
    <relation entry1="156" entry2="161" type="ECrel">
        <subtype name="compound" value="203"/>
    </relation>
    <relation entry1="161" entry2="163" type="ECrel">
        <subtype name="compound" value="203"/>
    </relation>
    <relation entry1="161" entry2="164" type="ECrel">
        <subtype name="compound" value="203"/>
    </relation>
    <relation entry1="156" entry2="162" type="ECrel">
        <subtype name="compound" value="203"/>
    </relation>
    <relation entry1="162" entry2="163" type="ECrel">
        <subtype name="compound" value="203"/>
    </relation>
    <relation entry1="162" entry2="164" type="ECrel">
        <subtype name="compound" value="203"/>
    </relation>
    <relation entry1="156" entry2="163" type="ECrel">
        <subtype name="compound" value="203"/>
    </relation>
    <relation entry1="156" entry2="164" type="ECrel">
        <subtype name="compound" value="203"/>
    </relation>
    <relation entry1="163" entry2="166" type="ECrel">
        <subtype name="compound" value="204"/>
    </relation>
    <relation entry1="164" entry2="166" type="ECrel">
        <subtype name="compound" value="204"/>
    </relation>
    <relation entry1="166" entry2="170" type="ECrel">
        <subtype name="compound" value="208"/>
    </relation>
    <relation entry1="170" entry2="172" type="ECrel">
        <subtype name="compound" value="210"/>
    </relation>
    <relation entry1="172" entry2="173" type="ECrel">
        <subtype name="compound" value="211"/>
    </relation>
    <relation entry1="141" entry2="144" type="ECrel">
        <subtype name="compound" value="231"/>
    </relation>
    <relation entry1="139" entry2="141" type="ECrel">
        <subtype name="compound" value="231"/>
    </relation>
    <relation entry1="139" entry2="144" type="ECrel">
        <subtype name="compound" value="231"/>
    </relation>
    <relation entry1="101" entry2="93" type="maplink">
        <subtype name="compound" value="191"/>
    </relation>
    <relation entry1="91" entry2="94" type="maplink">
        <subtype name="compound" value="90"/>
    </relation>
    <relation entry1="97" entry2="279" type="maplink">
        <subtype name="compound" value="189"/>
    </relation>
    <relation entry1="91" entry2="279" type="maplink">
        <subtype name="compound" value="189"/>
    </relation>
    <relation entry1="120" entry2="95" type="maplink">
        <subtype name="compound" value="216"/>
    </relation>
    <relation entry1="173" entry2="96" type="maplink">
        <subtype name="compound" value="212"/>
    </relation>
    <relation entry1="152" entry2="277" type="ECrel">
        <subtype name="compound" value="227"/>
    </relation>
    <relation entry1="151" entry2="277" type="ECrel">
        <subtype name="compound" value="227"/>
    </relation>
    <relation entry1="277" entry2="118" type="ECrel">
        <subtype name="compound" value="197"/>
    </relation>
    <relation entry1="277" entry2="112" type="ECrel">
        <subtype name="compound" value="197"/>
    </relation>
    <relation entry1="147" entry2="142" type="ECrel">
        <subtype name="compound" value="226"/>
    </relation>
    <relation entry1="147" entry2="144" type="ECrel">
        <subtype name="compound" value="226"/>
    </relation>
    <relation entry1="142" entry2="144" type="ECrel">
        <subtype name="compound" value="226"/>
    </relation>
    <relation entry1="156" entry2="278" type="ECrel">
        <subtype name="compound" value="226"/>
    </relation>
    <relation entry1="150" entry2="278" type="ECrel">
        <subtype name="compound" value="226"/>
    </relation>
    <relation entry1="278" entry2="300" type="ECrel">
        <subtype name="compound" value="226"/>
    </relation>
    <relation entry1="278" entry2="147" type="ECrel">
        <subtype name="compound" value="226"/>
    </relation>
    <relation entry1="278" entry2="152" type="ECrel">
        <subtype name="compound" value="227"/>
    </relation>
    <relation entry1="278" entry2="154" type="ECrel">
        <subtype name="compound" value="227"/>
    </relation>
    <relation entry1="278" entry2="277" type="ECrel">
        <subtype name="compound" value="227"/>
    </relation>
    <relation entry1="278" entry2="155" type="ECrel">
        <subtype name="compound" value="227"/>
    </relation>
    <relation entry1="299" entry2="123" type="ECrel">
        <subtype name="compound" value="199"/>
    </relation>
    <relation entry1="299" entry2="107" type="ECrel">
        <subtype name="compound" value="199"/>
    </relation>
    <relation entry1="299" entry2="121" type="ECrel">
        <subtype name="compound" value="199"/>
    </relation>
    <relation entry1="124" entry2="299" type="ECrel">
        <subtype name="compound" value="199"/>
    </relation>
    <relation entry1="299" entry2="126" type="ECrel">
        <subtype name="compound" value="221"/>
    </relation>
    <relation entry1="299" entry2="128" type="ECrel">
        <subtype name="compound" value="221"/>
    </relation>
    <relation entry1="299" entry2="125" type="ECrel">
        <subtype name="compound" value="221"/>
    </relation>
    <relation entry1="139" entry2="138" type="ECrel">
        <subtype name="compound" value="230"/>
    </relation>
    <relation entry1="139" entry2="142" type="ECrel">
        <subtype name="compound" value="230"/>
    </relation>
    <relation entry1="139" entry2="175" type="ECrel">
        <subtype name="compound" value="230"/>
    </relation>
    <relation entry1="138" entry2="142" type="ECrel">
        <subtype name="compound" value="230"/>
    </relation>
    <relation entry1="138" entry2="175" type="ECrel">
        <subtype name="compound" value="230"/>
    </relation>
    <relation entry1="127" entry2="299" type="ECrel">
        <subtype name="compound" value="221"/>
    </relation>
    <reaction id="84" name="rn:R02018" type="irreversible">
        <substrate id="223" name="cpd:C00015"/>
        <product id="225" name="cpd:C01346"/>
    </reaction>
    <reaction id="91" name="rn:R00575" type="irreversible">
        <substrate id="90" name="cpd:C00064"/>
        <product id="189" name="cpd:C00169"/>
    </reaction>
    <reaction id="97" name="rn:R01397" type="irreversible">
        <substrate id="189" name="cpd:C00169"/>
        <product id="188" name="cpd:C00438"/>
    </reaction>
    <reaction id="98" name="rn:R01993" type="reversible">
        <substrate id="190" name="cpd:C00337"/>
        <product id="188" name="cpd:C00438"/>
    </reaction>
    <reaction id="101" name="rn:R01870" type="reversible">
        <substrate id="192" name="cpd:C01103"/>
        <product id="191" name="cpd:C00119"/>
        <product id="237" name="cpd:C00295"/>
    </reaction>
    <reaction id="102" name="rn:R00438" type="reversible">
        <substrate id="198" name="cpd:C00046"/>
        <product id="194" name="cpd:C00015"/>
    </reaction>
    <reaction id="103" name="rn:R00443" type="irreversible">
        <substrate id="193" name="cpd:C00075"/>
        <product id="198" name="cpd:C00046"/>
    </reaction>
    <reaction id="104" name="rn:R00156" type="reversible">
        <substrate id="194" name="cpd:C00015"/>
        <product id="193" name="cpd:C00075"/>
    </reaction>
    <reaction id="105" name="rn:R00158" type="reversible">
        <substrate id="195" name="cpd:C00105"/>
        <product id="194" name="cpd:C00015"/>
    </reaction>
    <reaction id="107" name="rn:R00571 rn:R00573" type="irreversible">
        <substrate id="193" name="cpd:C00075"/>
        <product id="199" name="cpd:C00063"/>
    </reaction>
    <reaction id="108" name="rn:R00159" type="irreversible">
        <substrate id="193" name="cpd:C00075"/>
        <product id="194" name="cpd:C00015"/>
    </reaction>
    <reaction id="110" name="rn:R00155" type="irreversible">
        <substrate id="194" name="cpd:C00015"/>
        <product id="195" name="cpd:C00105"/>
    </reaction>
    <reaction id="111" name="rn:R00155" type="irreversible">
        <substrate id="194" name="cpd:C00015"/>
        <product id="195" name="cpd:C00105"/>
    </reaction>
    <reaction id="112" name="rn:R00966" type="reversible">
        <substrate id="195" name="cpd:C00105"/>
        <product id="197" name="cpd:C00106"/>
    </reaction>
    <reaction id="113" name="rn:R00964 rn:R00967 rn:R00968 rn:R00970 rn:R01549 rn:R01880 rn:R02097 rn:R02327 rn:R02332" type="irreversible">
        <substrate id="196" name="cpd:C00299"/>
        <product id="195" name="cpd:C00105"/>
    </reaction>
    <reaction id="114" name="rn:R00963" type="irreversible">
        <substrate id="195" name="cpd:C00105"/>
        <product id="196" name="cpd:C00299"/>
    </reaction>
    <reaction id="115" name="rn:R01876" type="reversible">
        <substrate id="196" name="cpd:C00299"/>
        <product id="197" name="cpd:C00106"/>
    </reaction>
    <reaction id="118" name="rn:R00978" type="reversible">
        <substrate id="218" name="cpd:C00429"/>
        <product id="197" name="cpd:C00106"/>
    </reaction>
    <reaction id="119" name="rn:R02269" type="reversible">
        <substrate id="218" name="cpd:C00429"/>
        <product id="217" name="cpd:C02642"/>
    </reaction>
    <reaction id="120" name="rn:R00905" type="irreversible">
        <substrate id="217" name="cpd:C02642"/>
        <product id="216" name="cpd:C00099"/>
    </reaction>
    <reaction id="121" name="rn:R00442" type="irreversible">
        <substrate id="199" name="cpd:C00063"/>
        <product id="198" name="cpd:C00046"/>
    </reaction>
    <reaction id="122" name="rn:R00440" type="reversible">
        <substrate id="198" name="cpd:C00046"/>
        <product id="222" name="cpd:C00112"/>
    </reaction>
    <reaction id="123" name="rn:R00569" type="irreversible">
        <substrate id="199" name="cpd:C00063"/>
        <product id="222" name="cpd:C00112"/>
    </reaction>
    <reaction id="124" name="rn:R00570" type="reversible">
        <substrate id="222" name="cpd:C00112"/>
        <product id="199" name="cpd:C00063"/>
    </reaction>
    <reaction id="125" name="rn:R00514" type="irreversible">
        <substrate id="222" name="cpd:C00112"/>
        <product id="221" name="cpd:C00055"/>
    </reaction>
    <reaction id="126" name="rn:R00512" type="reversible">
        <substrate id="221" name="cpd:C00055"/>
        <product id="222" name="cpd:C00112"/>
    </reaction>
    <reaction id="127" name="rn:R00513 rn:R00516 rn:R00517 rn:R00962 rn:R01548 rn:R02091 rn:R02096 rn:R02371 rn:R02372" type="irreversible">
        <substrate id="220" name="cpd:C00475"/>
        <product id="221" name="cpd:C00055"/>
    </reaction>
    <reaction id="128" name="rn:R00511" type="irreversible">
        <substrate id="221" name="cpd:C00055"/>
        <product id="220" name="cpd:C00475"/>
    </reaction>
    <reaction id="129" name="rn:R01878" type="irreversible">
        <substrate id="220" name="cpd:C00475"/>
        <product id="196" name="cpd:C00299"/>
    </reaction>
    <reaction id="138" name="rn:R02024" type="irreversible">
        <substrate id="222" name="cpd:C00112"/>
        <product id="230" name="cpd:C00705"/>
    </reaction>
    <reaction id="139" name="rn:R02326" type="reversible">
        <substrate id="230" name="cpd:C00705"/>
        <product id="231" name="cpd:C00458"/>
    </reaction>
    <reaction id="141" name="rn:R00377" type="irreversible">
        <substrate id="231" name="cpd:C00458"/>
        <product id="200" name="cpd:C00039"/>
    </reaction>
    <reaction id="142" name="rn:R01665" type="reversible">
        <substrate id="229" name="cpd:C00239"/>
        <product id="230" name="cpd:C00705"/>
    </reaction>
    <reaction id="144" name="rn:R01668" type="irreversible">
        <substrate id="231" name="cpd:C00458"/>
        <product id="229" name="cpd:C00239"/>
    </reaction>
    <reaction id="145" name="rn:R01666" type="irreversible">
        <substrate id="228" name="cpd:C00881"/>
        <product id="229" name="cpd:C00239"/>
    </reaction>
    <reaction id="146" name="rn:R01664" type="irreversible">
        <substrate id="229" name="cpd:C00239"/>
        <product id="228" name="cpd:C00881"/>
    </reaction>
    <reaction id="147" name="rn:R01663" type="irreversible">
        <substrate id="229" name="cpd:C00239"/>
        <product id="226" name="cpd:C00365"/>
    </reaction>
    <reaction id="300" name="rn:R02100" type="irreversible">
        <substrate id="224" name="cpd:C00460"/>
        <product id="226" name="cpd:C00365"/>
    </reaction>
    <reaction id="148" name="rn:R02331" type="reversible">
        <substrate id="225" name="cpd:C01346"/>
        <product id="224" name="cpd:C00460"/>
    </reaction>
    <reaction id="150" name="rn:R02098" type="reversible">
        <substrate id="226" name="cpd:C00365"/>
        <product id="225" name="cpd:C01346"/>
    </reaction>
    <reaction id="151" name="rn:R02099" type="irreversible">
        <substrate id="227" name="cpd:C00526"/>
        <product id="226" name="cpd:C00365"/>
    </reaction>
    <reaction id="152" name="rn:R02485" type="irreversible">
        <substrate id="228" name="cpd:C00881"/>
        <product id="227" name="cpd:C00526"/>
    </reaction>
    <reaction id="154" name="rn:R02484" type="irreversible">
        <substrate id="227" name="cpd:C00526"/>
        <product id="197" name="cpd:C00106"/>
    </reaction>
    <reaction id="155" name="rn:R02484" type="irreversible">
        <substrate id="227" name="cpd:C00526"/>
        <product id="197" name="cpd:C00106"/>
    </reaction>
    <reaction id="156" name="rn:R02101" type="irreversible">
        <substrate id="226" name="cpd:C00365"/>
        <product id="203" name="cpd:C00364"/>
    </reaction>
    <reaction id="157" name="rn:R00378" type="irreversible">
        <substrate id="201" name="cpd:C00459"/>
        <product id="200" name="cpd:C00039"/>
    </reaction>
    <reaction id="158" name="rn:R02093" type="reversible">
        <substrate id="202" name="cpd:C00363"/>
        <product id="201" name="cpd:C00459"/>
    </reaction>
    <reaction id="159" name="rn:R02095" type="irreversible">
        <substrate id="201" name="cpd:C00459"/>
        <product id="202" name="cpd:C00363"/>
    </reaction>
    <reaction id="161" name="rn:R02094" type="reversible">
        <substrate id="203" name="cpd:C00364"/>
        <product id="202" name="cpd:C00363"/>
    </reaction>
    <reaction id="162" name="rn:R02092" type="irreversible">
        <substrate id="202" name="cpd:C00363"/>
        <product id="203" name="cpd:C00364"/>
    </reaction>
    <reaction id="163" name="rn:R01569" type="irreversible">
        <substrate id="203" name="cpd:C00364"/>
        <product id="204" name="cpd:C00214"/>
    </reaction>
    <reaction id="164" name="rn:R01567" type="irreversible">
        <substrate id="204" name="cpd:C00214"/>
        <product id="203" name="cpd:C00364"/>
    </reaction>
    <reaction id="166" name="rn:R01570" type="irreversible">
        <substrate id="204" name="cpd:C00214"/>
        <product id="205" name="cpd:C00672"/>
        <product id="208" name="cpd:C00178"/>
    </reaction>
    <reaction id="170" name="rn:R01415" type="reversible">
        <substrate id="208" name="cpd:C00178"/>
        <product id="210" name="cpd:C21028"/>
    </reaction>
    <reaction id="172" name="rn:R03055" type="reversible">
        <substrate id="210" name="cpd:C21028"/>
        <product id="211" name="cpd:C21029"/>
    </reaction>
    <reaction id="173" name="rn:R04666" type="irreversible">
        <substrate id="211" name="cpd:C21029"/>
        <product id="212" name="cpd:C01205"/>
    </reaction>
    <reaction id="174" name="rn:R01868" type="reversible">
        <substrate id="190" name="cpd:C00337"/>
        <product id="237" name="cpd:C00295"/>
    </reaction>
    <reaction id="175" name="rn:R01667" type="irreversible">
        <substrate id="230" name="cpd:C00705"/>
        <product id="229" name="cpd:C00239"/>
    </reaction>
    <reaction id="178" name="rn:R00965" type="irreversible">
        <substrate id="192" name="cpd:C01103"/>
        <product id="195" name="cpd:C00105"/>
    </reaction>
    <reaction id="183" name="rn:R00662" type="irreversible">
        <substrate id="238" name="cpd:C00075"/>
        <product id="195" name="cpd:C00105"/>
    </reaction>
    <reaction id="187" name="rn:R00969" type="irreversible">
        <substrate id="243" name="cpd:C06198"/>
        <product id="193" name="cpd:C00075"/>
    </reaction>
    <reaction id="277" name="rn:R02484" type="reversible">
        <substrate id="227" name="cpd:C00526"/>
        <product id="197" name="cpd:C00106"/>
    </reaction>
    <reaction id="278" name="rn:R02102" type="irreversible">
        <substrate id="226" name="cpd:C00365"/>
        <product id="227" name="cpd:C00526"/>
    </reaction>
    <reaction id="283" name="rn:R00139" type="irreversible">
        <substrate id="233" name="cpd:C11038"/>
        <product id="234" name="cpd:C11039"/>
    </reaction>
    <reaction id="297" name="rn:R11323" type="irreversible">
        <substrate id="201" name="cpd:C00459"/>
        <product id="203" name="cpd:C00364"/>
    </reaction>
    <reaction id="299" name="rn:R00515" type="irreversible">
        <substrate id="199" name="cpd:C00063"/>
        <product id="221" name="cpd:C00055"/>
    </reaction>
</pathway>
