<?xml version="1.0"?>
<!DOCTYPE pathway SYSTEM "http://www.kegg.jp/kegg/xml/KGML_v0.7.2_.dtd">
<!-- Creation date: Nov 10, 2016 13:26:58 +0900 (GMT+9) -->
<pathway name="path:hsa00603" org="hsa" number="00603"
         title="Glycosphingolipid biosynthesis - globo and isoglobo series"
         image="http://www.kegg.jp/kegg/pathway/hsa/hsa00603.png"
         link="http://www.kegg.jp/kegg-bin/show_pathway?hsa00603">
    <entry id="3" name="hsa:6482 hsa:6483" type="gene" reaction="rn:R05967"
        link="http://www.kegg.jp/dbget-bin/www_bget?hsa:6482+hsa:6483">
        <graphics name="ST3GAL1, Gal-NAc6S, SIAT4A, SIATFL, ST3GalA, ST3GalA.1, ST3GalIA, ST3GalIA,1, ST3O..." fgcolor="#000000" bgcolor="#BFFFBF"
             type="rectangle" x="333" y="479" width="46" height="17"/>
    </entry>
    <entry id="22" name="gl:G00181" type="compound"
        link="http://www.kegg.jp/dbget-bin/www_bget?G00181">
        <graphics name="G00181" fgcolor="#000000" bgcolor="#FFFFFF"
             type="circle" x="220" y="525" width="8" height="8"/>
    </entry>
    <entry id="23" name="gl:G00096" type="compound"
        link="http://www.kegg.jp/dbget-bin/www_bget?G00096">
        <graphics name="G00096" fgcolor="#000000" bgcolor="#FFFFFF"
             type="circle" x="219" y="344" width="8" height="8"/>
    </entry>
    <entry id="24" name="gl:G00099" type="compound"
        link="http://www.kegg.jp/dbget-bin/www_bget?G00099">
        <graphics name="G00099" fgcolor="#000000" bgcolor="#FFFFFF"
             type="circle" x="220" y="435" width="8" height="8"/>
    </entry>
    <entry id="25" name="gl:G00100" type="compound"
        link="http://www.kegg.jp/dbget-bin/www_bget?G00100">
        <graphics name="G00100" fgcolor="#000000" bgcolor="#FFFFFF"
             type="circle" x="333" y="616" width="8" height="8"/>
    </entry>
    <entry id="26" name="gl:G00101" type="compound"
        link="http://www.kegg.jp/dbget-bin/www_bget?G00101">
        <graphics name="G00101" fgcolor="#000000" bgcolor="#FFFFFF"
             type="circle" x="445" y="525" width="8" height="8"/>
    </entry>
    <entry id="27" name="gl:G00098" type="compound"
        link="http://www.kegg.jp/dbget-bin/www_bget?G00098">
        <graphics name="G00098" fgcolor="#000000" bgcolor="#FFFFFF"
             type="circle" x="333" y="525" width="8" height="8"/>
    </entry>
    <entry id="28" name="gl:G00097" type="compound"
        link="http://www.kegg.jp/dbget-bin/www_bget?G00097">
        <graphics name="G00097" fgcolor="#000000" bgcolor="#FFFFFF"
             type="circle" x="333" y="435" width="8" height="8"/>
    </entry>
    <entry id="29" name="gl:G00104" type="compound"
        link="http://www.kegg.jp/dbget-bin/www_bget?G00104">
        <graphics name="G00104" fgcolor="#000000" bgcolor="#FFFFFF"
             type="circle" x="668" y="435" width="8" height="8"/>
    </entry>
    <entry id="30" name="gl:G00103" type="compound"
        link="http://www.kegg.jp/dbget-bin/www_bget?G00103">
        <graphics name="G00103" fgcolor="#000000" bgcolor="#FFFFFF"
             type="circle" x="557" y="435" width="8" height="8"/>
    </entry>
    <entry id="31" name="gl:G00102" type="compound"
        link="http://www.kegg.jp/dbget-bin/www_bget?G00102">
        <graphics name="G00102" fgcolor="#000000" bgcolor="#FFFFFF"
             type="circle" x="445" y="435" width="8" height="8"/>
    </entry>
    <entry id="32" name="gl:G00106" type="compound"
        link="http://www.kegg.jp/dbget-bin/www_bget?G00106">
        <graphics name="G00106" fgcolor="#000000" bgcolor="#FFFFFF"
             type="circle" x="108" y="344" width="8" height="8"/>
    </entry>
    <entry id="33" name="gl:G00105" type="compound"
        link="http://www.kegg.jp/dbget-bin/www_bget?G00105">
        <graphics name="G00105" fgcolor="#000000" bgcolor="#FFFFFF"
             type="circle" x="108" y="292" width="8" height="8"/>
    </entry>
    <entry id="34" name="hsa:10317" type="gene" reaction="rn:R05964"
        link="http://www.kegg.jp/dbget-bin/www_bget?hsa:10317">
        <graphics name="B3GALT5, B3GalT-V, B3GalTx, B3T5, GLCT5, beta-1,3-GalTase_5, beta-3-Gx-T5, beta3Gal-T5" fgcolor="#000000" bgcolor="#BFFFBF"
             type="rectangle" x="334" y="359" width="46" height="17"/>
    </entry>
    <entry id="37" name="hsa:4668" type="gene" reaction="rn:R05966"
        link="http://www.kegg.jp/dbget-bin/www_bget?hsa:4668">
        <graphics name="NAGA, D22S674, GALB" fgcolor="#000000" bgcolor="#BFFFBF"
             type="rectangle" x="387" y="264" width="46" height="17"/>
    </entry>
    <entry id="38" name="hsa:53947" type="gene" reaction="rn:R05960"
        link="http://www.kegg.jp/dbget-bin/www_bget?hsa:53947">
        <graphics name="A4GALT, A14GALT, A4GALT1, Gb3S, P(k), P1, P1PK, PK" fgcolor="#000000" bgcolor="#BFFFBF"
             type="rectangle" x="162" y="250" width="46" height="17"/>
    </entry>
    <entry id="39" name="gl:G00094" type="compound"
        link="http://www.kegg.jp/dbget-bin/www_bget?G00094">
        <graphics name="G00094" fgcolor="#000000" bgcolor="#FFFFFF"
             type="circle" x="333" y="250" width="8" height="8"/>
    </entry>
    <entry id="41" name="hsa:3073 hsa:3074" type="gene" reaction="rn:R05963"
        link="http://www.kegg.jp/dbget-bin/www_bget?hsa:3073+hsa:3074">
        <graphics name="HEXA, TSD..." fgcolor="#000000" bgcolor="#BFFFBF"
             type="rectangle" x="274" y="265" width="46" height="17"/>
    </entry>
    <entry id="45" name="hsa:6489" type="gene"
        link="http://www.kegg.jp/dbget-bin/www_bget?hsa:6489">
        <graphics name="ST8SIA1, GD3S, SIAT8, SIAT8-A, SIAT8A, ST8SiaI" fgcolor="#000000" bgcolor="#BFFFBF"
             type="rectangle" x="334" y="572" width="46" height="17"/>
    </entry>
    <entry id="47" name="hsa:10690" type="gene" reaction="rn:R05904"
        link="http://www.kegg.jp/dbget-bin/www_bget?hsa:10690">
        <graphics name="FUT9, Fuc-TIX" fgcolor="#000000" bgcolor="#BFFFBF"
             type="rectangle" x="608" y="434" width="46" height="17"/>
    </entry>
    <entry id="48" name="hsa:2523 hsa:2524" type="gene" reaction="rn:R05968"
        link="http://www.kegg.jp/dbget-bin/www_bget?hsa:2523+hsa:2524">
        <graphics name="FUT1, H, HH, HSC..." fgcolor="#000000" bgcolor="#BFFFBF"
             type="rectangle" x="274" y="434" width="46" height="17"/>
    </entry>
    <entry id="49" name="hsa:2717" type="gene" reaction="rn:R05961"
        link="http://www.kegg.jp/dbget-bin/www_bget?hsa:2717">
        <graphics name="GLA, GALA" fgcolor="#000000" bgcolor="#BFFFBF"
             type="rectangle" x="162" y="218" width="46" height="17"/>
    </entry>
    <entry id="50" name="hsa:8706" type="gene" reaction="rn:R05962"
        link="http://www.kegg.jp/dbget-bin/www_bget?hsa:8706">
        <graphics name="B3GALNT1, B3GALT3, GLCT3, GLOB, Gb4Cer, P, P1, beta3Gal-T3, galT3" fgcolor="#000000" bgcolor="#BFFFBF"
             type="rectangle" x="274" y="237" width="46" height="17"/>
    </entry>
    <entry id="51" name="hsa:26301" type="gene" reaction="rn:R05965"
        link="http://www.kegg.jp/dbget-bin/www_bget?hsa:26301">
        <graphics name="GBGT1, A3GALNT, FS, UNQ2513" fgcolor="#000000" bgcolor="#BFFFBF"
             type="rectangle" x="386" y="237" width="46" height="17"/>
    </entry>
    <entry id="52" name="path:hsa00600" type="map"
        link="http://www.kegg.jp/dbget-bin/www_bget?hsa00600">
        <graphics name="Sphingolipid metabolism" fgcolor="#000000" bgcolor="#FFFFFF"
             type="roundrectangle" x="107" y="117" width="77" height="34"/>
    </entry>
    <entry id="53" name="gl:G00095" type="compound"
        link="http://www.kegg.jp/dbget-bin/www_bget?G00095">
        <graphics name="G00095" fgcolor="#000000" bgcolor="#FFFFFF"
             type="circle" x="445" y="250" width="8" height="8"/>
    </entry>
    <entry id="54" name="gl:G00093" type="compound"
        link="http://www.kegg.jp/dbget-bin/www_bget?G00093">
        <graphics name="G00093" fgcolor="#000000" bgcolor="#FFFFFF"
             type="circle" x="221" y="250" width="8" height="8"/>
    </entry>
    <entry id="55" name="gl:G00092" type="compound"
        link="http://www.kegg.jp/dbget-bin/www_bget?G00092">
        <graphics name="G00092" fgcolor="#000000" bgcolor="#FFFFFF"
             type="circle" x="108" y="250" width="8" height="8"/>
    </entry>
    <entry id="56" name="hsa:6489" type="gene"
        link="http://www.kegg.jp/dbget-bin/www_bget?hsa:6489">
        <graphics name="ST8SIA1, GD3S, SIAT8, SIAT8-A, SIAT8A, ST8SiaI" fgcolor="#66CC66" bgcolor="#FFFFFF"
             type="line" coords="76,735,106,735"/>
    </entry>
    <entry id="57" name="hsa:2523 hsa:2524" type="gene" reaction="rn:R05968"
        link="http://www.kegg.jp/dbget-bin/www_bget?hsa:2523+hsa:2524">
        <graphics name="FUT1, H, HH, HSC..." fgcolor="#66CC66" bgcolor="#FFFFFF"
             type="line" coords="190,766,205,751"/>
    </entry>
    <entry id="59" name="hsa:26301" type="gene" reaction="rn:R05965"
        link="http://www.kegg.jp/dbget-bin/www_bget?hsa:26301">
        <graphics name="GBGT1, A3GALNT, FS, UNQ2513" fgcolor="#66CC66" bgcolor="#FFFFFF"
             type="line" coords="235,685,265,685"/>
    </entry>
    <entry id="61" name="hsa:10317" type="gene" reaction="rn:R05964"
        link="http://www.kegg.jp/dbget-bin/www_bget?hsa:10317">
        <graphics name="B3GALT5, B3GalT-V, B3GalTx, B3T5, GLCT5, beta-1,3-GalTase_5, beta-3-Gx-T5, beta3Gal-T5" fgcolor="#66CC66" bgcolor="#FFFFFF"
             type="line" coords="236,727,266,697"/>
    </entry>
    <entry id="62" name="hsa:53947" type="gene" reaction="rn:R05960"
        link="http://www.kegg.jp/dbget-bin/www_bget?hsa:53947">
        <graphics name="A4GALT, A14GALT, A4GALT1, Gb3S, P(k), P1, P1PK, PK" fgcolor="#66CC66" bgcolor="#FFFFFF"
             type="line" coords="393,685,423,685"/>
    </entry>
    <entry id="63" name="hsa:6482 hsa:6483" type="gene" reaction="rn:R05967"
        link="http://www.kegg.jp/dbget-bin/www_bget?hsa:6482+hsa:6483">
        <graphics name="ST3GAL1, Gal-NAc6S, SIAT4A, SIATFL, ST3GalA, ST3GalA.1, ST3GalIA, ST3GalIA,1, ST3O..." fgcolor="#66CC66" bgcolor="#FFFFFF"
             type="line" coords="171,735,201,735"/>
    </entry>
    <entry id="64" name="hsa:8706" type="gene" reaction="rn:R05962"
        link="http://www.kegg.jp/dbget-bin/www_bget?hsa:8706">
        <graphics name="B3GALNT1, B3GALT3, GLCT3, GLOB, Gb4Cer, P, P1, beta3Gal-T3, galT3" fgcolor="#66CC66" bgcolor="#FFFFFF"
             type="line" coords="322,685,352,685"/>
    </entry>
    <entry id="70" name="hsa:10690" type="gene" reaction="rn:R05904"
        link="http://www.kegg.jp/dbget-bin/www_bget?hsa:10690">
        <graphics name="FUT9, Fuc-TIX" fgcolor="#66CC66" bgcolor="#FFFFFF"
             type="line" coords="168,656,183,641"/>
    </entry>
    <entry id="72" name="gl:G00403" type="compound"
        link="http://www.kegg.jp/dbget-bin/www_bget?G00403">
        <graphics name="G00403" fgcolor="#000000" bgcolor="#FFFFFF"
             type="circle" x="221" y="162" width="8" height="8"/>
    </entry>
    <entry id="73" name="hsa:127550" type="gene" reaction="rn:R11320"
        link="http://www.kegg.jp/dbget-bin/www_bget?hsa:127550">
        <graphics name="A3GALT2, A3GALT2P, IGB3S, IGBS3S" fgcolor="#000000" bgcolor="#BFFFBF"
             type="rectangle" x="162" y="163" width="46" height="17"/>
    </entry>
    <entry id="74" name="gl:G00392" type="compound"
        link="http://www.kegg.jp/dbget-bin/www_bget?G00392">
        <graphics name="G00392" fgcolor="#000000" bgcolor="#FFFFFF"
             type="circle" x="333" y="162" width="8" height="8"/>
    </entry>
    <entry id="75" name="gl:G02977" type="compound"
        link="http://www.kegg.jp/dbget-bin/www_bget?G02977">
        <graphics name="G02977" fgcolor="#000000" bgcolor="#FFFFFF"
             type="circle" x="445" y="162" width="8" height="8"/>
    </entry>
    <entry id="76" name="hsa:8706" type="gene" reaction="rn:R11321"
        link="http://www.kegg.jp/dbget-bin/www_bget?hsa:8706">
        <graphics name="B3GALNT1, B3GALT3, GLCT3, GLOB, Gb4Cer, P, P1, beta3Gal-T3, galT3" fgcolor="#000000" bgcolor="#BFFFBF"
             type="rectangle" x="274" y="163" width="46" height="17"/>
    </entry>
    <entry id="77" name="hsa:26301" type="gene" reaction="rn:R11322"
        link="http://www.kegg.jp/dbget-bin/www_bget?hsa:26301">
        <graphics name="GBGT1, A3GALNT, FS, UNQ2513" fgcolor="#000000" bgcolor="#BFFFBF"
             type="rectangle" x="386" y="162" width="46" height="17"/>
    </entry>
    <entry id="78" name="gl:G00107" type="compound"
        link="http://www.kegg.jp/dbget-bin/www_bget?G00107">
        <graphics name="G00107" fgcolor="#000000" bgcolor="#FFFFFF"
             type="circle" x="108" y="434" width="8" height="8"/>
    </entry>
    <entry id="81" name="hsa:8706" type="gene" reaction="rn:R11321"
        link="http://www.kegg.jp/dbget-bin/www_bget?hsa:8706">
        <graphics name="B3GALNT1, B3GALT3, GLCT3, GLOB, Gb4Cer, P, P1, beta3Gal-T3, galT3" fgcolor="#66CC66" bgcolor="#FFFFFF"
             type="line" coords="322,900,352,900"/>
    </entry>
    <entry id="82" name="hsa:26301" type="gene" reaction="rn:R11322"
        link="http://www.kegg.jp/dbget-bin/www_bget?hsa:26301">
        <graphics name="GBGT1, A3GALNT, FS, UNQ2513" fgcolor="#66CC66" bgcolor="#FFFFFF"
             type="line" coords="235,900,265,900"/>
    </entry>
    <entry id="83" name="hsa:127550" type="gene" reaction="rn:R11320"
        link="http://www.kegg.jp/dbget-bin/www_bget?hsa:127550">
        <graphics name="A3GALT2, A3GALT2P, IGB3S, IGBS3S" fgcolor="#66CC66" bgcolor="#FFFFFF"
             type="line" coords="393,901,423,901"/>
    </entry>
    <entry id="85" name="hsa:53947" type="gene" reaction="rn:R11376"
        link="http://www.kegg.jp/dbget-bin/www_bget?hsa:53947">
        <graphics name="A4GALT, A14GALT, A4GALT1, Gb3S, P(k), P1, P1PK, PK" fgcolor="#000000" bgcolor="#BFFFBF"
             type="rectangle" x="388" y="292" width="46" height="17"/>
    </entry>
    <entry id="86" name="gl:G11492" type="compound"
        link="http://www.kegg.jp/dbget-bin/www_bget?G11492">
        <graphics name="G11492" fgcolor="#000000" bgcolor="#FFFFFF"
             type="circle" x="445" y="292" width="8" height="8"/>
    </entry>
    <entry id="87" name="gl:G13080" type="compound"
        link="http://www.kegg.jp/dbget-bin/www_bget?G13080">
        <graphics name="G13080" fgcolor="#000000" bgcolor="#FFFFFF"
             type="circle" x="555" y="292" width="8" height="8"/>
    </entry>
    <entry id="88" name="hsa:8706" type="gene" reaction="rn:R11379"
        link="http://www.kegg.jp/dbget-bin/www_bget?hsa:8706">
        <graphics name="B3GALNT1, B3GALT3, GLCT3, GLOB, Gb4Cer, P, P1, beta3Gal-T3, galT3" fgcolor="#000000" bgcolor="#BFFFBF"
             type="rectangle" x="497" y="292" width="46" height="17"/>
    </entry>
    <entry id="90" name="gl:G13081" type="compound"
        link="http://www.kegg.jp/dbget-bin/www_bget?G13081">
        <graphics name="G13081" fgcolor="#000000" bgcolor="#FFFFFF"
             type="circle" x="666" y="292" width="8" height="8"/>
    </entry>
    <entry id="91" name="hsa:53947" type="gene" reaction="rn:R11377"
        link="http://www.kegg.jp/dbget-bin/www_bget?hsa:53947">
        <graphics name="A4GALT, A14GALT, A4GALT1, Gb3S, P(k), P1, P1PK, PK" fgcolor="#000000" bgcolor="#BFFFBF"
             type="rectangle" x="610" y="291" width="46" height="17"/>
    </entry>
    <entry id="92" name="hsa:53947" type="gene" reaction="rn:R11376"
        link="http://www.kegg.jp/dbget-bin/www_bget?hsa:53947">
        <graphics name="A4GALT, A14GALT, A4GALT1, Gb3S, P(k), P1, P1PK, PK" fgcolor="#66CC66" bgcolor="#FFFFFF"
             type="line" coords="306,698,306,729"/>
    </entry>
    <entry id="93" name="hsa:8706" type="gene" reaction="rn:R11379"
        link="http://www.kegg.jp/dbget-bin/www_bget?hsa:8706">
        <graphics name="B3GALNT1, B3GALT3, GLCT3, GLOB, Gb4Cer, P, P1, beta3Gal-T3, galT3" fgcolor="#66CC66" bgcolor="#FFFFFF"
             type="line" coords="315,749,300,764"/>
    </entry>
    <entry id="94" name="hsa:53947" type="gene" reaction="rn:R11377"
        link="http://www.kegg.jp/dbget-bin/www_bget?hsa:53947">
        <graphics name="A4GALT, A14GALT, A4GALT1, Gb3S, P(k), P1, P1PK, PK" fgcolor="#66CC66" bgcolor="#FFFFFF"
             type="line" coords="277,818,277,788"/>
    </entry>
    <relation entry1="38" entry2="50" type="ECrel">
        <subtype name="compound" value="54"/>
    </relation>
    <relation entry1="38" entry2="41" type="ECrel">
        <subtype name="compound" value="54"/>
    </relation>
    <relation entry1="49" entry2="50" type="ECrel">
        <subtype name="compound" value="54"/>
    </relation>
    <relation entry1="41" entry2="49" type="ECrel">
        <subtype name="compound" value="54"/>
    </relation>
    <relation entry1="34" entry2="50" type="ECrel">
        <subtype name="compound" value="39"/>
    </relation>
    <relation entry1="50" entry2="51" type="ECrel">
        <subtype name="compound" value="39"/>
    </relation>
    <relation entry1="37" entry2="50" type="ECrel">
        <subtype name="compound" value="39"/>
    </relation>
    <relation entry1="34" entry2="41" type="ECrel">
        <subtype name="compound" value="39"/>
    </relation>
    <relation entry1="41" entry2="51" type="ECrel">
        <subtype name="compound" value="39"/>
    </relation>
    <relation entry1="37" entry2="41" type="ECrel">
        <subtype name="compound" value="39"/>
    </relation>
    <relation entry1="34" entry2="51" type="ECrel">
        <subtype name="compound" value="39"/>
    </relation>
    <relation entry1="34" entry2="37" type="ECrel">
        <subtype name="compound" value="39"/>
    </relation>
    <relation entry1="34" entry2="48" type="ECrel">
        <subtype name="compound" value="28"/>
    </relation>
    <relation entry1="34" entry2="3" type="ECrel">
        <subtype name="compound" value="28"/>
    </relation>
    <relation entry1="3" entry2="48" type="ECrel">
        <subtype name="compound" value="28"/>
    </relation>
    <relation entry1="3" entry2="45" type="ECrel">
        <subtype name="compound" value="27"/>
    </relation>
    <relation entry1="38" entry2="52" type="maplink">
        <subtype name="compound" value="55"/>
    </relation>
    <relation entry1="49" entry2="52" type="maplink">
        <subtype name="compound" value="55"/>
    </relation>
    <relation entry1="73" entry2="76" type="ECrel">
        <subtype name="compound" value="72"/>
    </relation>
    <relation entry1="76" entry2="77" type="ECrel">
        <subtype name="compound" value="74"/>
    </relation>
    <relation entry1="52" entry2="73" type="maplink">
        <subtype name="compound" value="55"/>
    </relation>
    <relation entry1="50" entry2="85" type="ECrel">
        <subtype name="compound" value="39"/>
    </relation>
    <relation entry1="85" entry2="88" type="ECrel">
        <subtype name="compound" value="86"/>
    </relation>
    <relation entry1="88" entry2="91" type="ECrel">
        <subtype name="compound" value="87"/>
    </relation>
    <reaction id="34" name="rn:R05964" type="reversible">
        <substrate id="39" name="gl:G00094"/>
        <product id="28" name="gl:G00097"/>
    </reaction>
    <reaction id="37" name="rn:R05966" type="reversible">
        <substrate id="53" name="gl:G00095"/>
        <product id="39" name="gl:G00094"/>
    </reaction>
    <reaction id="38" name="rn:R05960" type="reversible">
        <substrate id="55" name="gl:G00092"/>
        <product id="54" name="gl:G00093"/>
    </reaction>
    <reaction id="41" name="rn:R05963" type="reversible">
        <substrate id="39" name="gl:G00094"/>
        <product id="54" name="gl:G00093"/>
    </reaction>
    <reaction id="3" name="rn:R05967" type="reversible">
        <substrate id="28" name="gl:G00097"/>
        <product id="27" name="gl:G00098"/>
    </reaction>
    <reaction id="47" name="rn:R05904" type="reversible">
        <substrate id="30" name="gl:G00103"/>
        <product id="29" name="gl:G00104"/>
    </reaction>
    <reaction id="48" name="rn:R05968" type="reversible">
        <substrate id="28" name="gl:G00097"/>
        <product id="24" name="gl:G00099"/>
    </reaction>
    <reaction id="49" name="rn:R05961" type="reversible">
        <substrate id="54" name="gl:G00093"/>
        <product id="55" name="gl:G00092"/>
    </reaction>
    <reaction id="50" name="rn:R05962" type="reversible">
        <substrate id="54" name="gl:G00093"/>
        <product id="39" name="gl:G00094"/>
    </reaction>
    <reaction id="51" name="rn:R05965" type="reversible">
        <substrate id="39" name="gl:G00094"/>
        <product id="53" name="gl:G00095"/>
    </reaction>
    <reaction id="57" name="rn:R05968" type="reversible">
        <substrate id="28" name="gl:G00097"/>
        <product id="24" name="gl:G00099"/>
    </reaction>
    <reaction id="59" name="rn:R05965" type="reversible">
        <substrate id="39" name="gl:G00094"/>
        <product id="53" name="gl:G00095"/>
    </reaction>
    <reaction id="61" name="rn:R05964" type="reversible">
        <substrate id="39" name="gl:G00094"/>
        <product id="28" name="gl:G00097"/>
    </reaction>
    <reaction id="62" name="rn:R05960" type="reversible">
        <substrate id="55" name="gl:G00092"/>
        <product id="54" name="gl:G00093"/>
    </reaction>
    <reaction id="63" name="rn:R05967" type="reversible">
        <substrate id="28" name="gl:G00097"/>
        <product id="27" name="gl:G00098"/>
    </reaction>
    <reaction id="64" name="rn:R05962" type="reversible">
        <substrate id="54" name="gl:G00093"/>
        <product id="39" name="gl:G00094"/>
    </reaction>
    <reaction id="70" name="rn:R05904" type="reversible">
        <substrate id="30" name="gl:G00103"/>
        <product id="29" name="gl:G00104"/>
    </reaction>
    <reaction id="73" name="rn:R11320" type="reversible">
        <substrate id="55" name="gl:G00092"/>
        <product id="72" name="gl:G00403"/>
    </reaction>
    <reaction id="76" name="rn:R11321" type="reversible">
        <substrate id="72" name="gl:G00403"/>
        <product id="74" name="gl:G00392"/>
    </reaction>
    <reaction id="77" name="rn:R11322" type="reversible">
        <substrate id="74" name="gl:G00392"/>
        <product id="75" name="gl:G02977"/>
    </reaction>
    <reaction id="81" name="rn:R11321" type="reversible">
        <substrate id="72" name="gl:G00403"/>
        <product id="74" name="gl:G00392"/>
    </reaction>
    <reaction id="82" name="rn:R11322" type="reversible">
        <substrate id="74" name="gl:G00392"/>
        <product id="75" name="gl:G02977"/>
    </reaction>
    <reaction id="83" name="rn:R11320" type="reversible">
        <substrate id="55" name="gl:G00092"/>
        <product id="72" name="gl:G00403"/>
    </reaction>
    <reaction id="85" name="rn:R11376" type="reversible">
        <substrate id="39" name="gl:G00094"/>
        <product id="86" name="gl:G11492"/>
    </reaction>
    <reaction id="88" name="rn:R11379" type="reversible">
        <substrate id="86" name="gl:G11492"/>
        <product id="87" name="gl:G13080"/>
    </reaction>
    <reaction id="91" name="rn:R11377" type="reversible">
        <substrate id="87" name="gl:G13080"/>
        <product id="90" name="gl:G13081"/>
    </reaction>
    <reaction id="93" name="rn:R11379" type="reversible">
        <substrate id="86" name="gl:G11492"/>
        <product id="87" name="gl:G13080"/>
    </reaction>
    <reaction id="94" name="rn:R11377" type="reversible">
        <substrate id="87" name="gl:G13080"/>
        <product id="90" name="gl:G13081"/>
    </reaction>
</pathway>
